kind,state,metric,breakdown,period,n_sources,min,max,spread_pct,chosen,values
series,Ladakh,enrolled,total,2018-19,3,0,75,100.0,75,0 [7ca95fc4 2022-07-29]; 75 [d5a26bc1 2022-09-15]; 75 [ba097f68 2023-11-18]
series,Ladakh,enrolled,total,2019-20,6,0,151,100.0,151,0 [7ca95fc4 2022-07-29]; 151 [d5a26bc1 2022-09-15]; 151 [ba097f68 2023-11-18]; 151 [68e53cc1 2023-11-19]; 151 [c123ed4d 2024-04-08]; 151 [cfc747c8 2025-05-22]
series,Uttarakhand,enrolled,total,2020-21,7,8342,18727,55.5,8344,18727 [7ca95fc4 2022-07-29]; 8342 [d5a26bc1 2022-09-15]; 18727 [89bce479 2022-12-25]; 8344 [ba097f68 2023-11-18]; 8342 [68e53cc1 2023-11-19]; 8344 [c123ed4d 2024-04-08]; 8344 [cfc747c8 2025-05-22]
series,Himachal Pradesh,enrolled,total,2020-21,8,17864,34549,48.3,17923,34549 [7ca95fc4 2022-07-29]; 17874 [d5a26bc1 2022-09-15]; 34549 [89bce479 2022-12-25]; 34549 [5e97937f 2023-11-17]; 17877 [ba097f68 2023-11-18]; 17864 [68e53cc1 2023-11-19]; 17923 [c123ed4d 2024-04-08]; 17923 [cfc747c8 2025-05-22]
series,Meghalaya,enrolled,total,2020-21,8,514,863,40.4,514,863 [7ca95fc4 2022-07-29]; 514 [d5a26bc1 2022-09-15]; 863 [89bce479 2022-12-25]; 514 [ba097f68 2023-11-18]; 514 [68e53cc1 2023-11-19]; 514 [55d77373 2024-03-22]; 514 [c123ed4d 2024-04-08]; 514 [cfc747c8 2025-05-22]
series,Jharkhand,enrolled,total,2020-21,7,25540,36549,30.1,25626,36549 [7ca95fc4 2022-07-29]; 25540 [d5a26bc1 2022-09-15]; 36549 [89bce479 2022-12-25]; 25606 [ba097f68 2023-11-18]; 25606 [68e53cc1 2023-11-19]; 25626 [c123ed4d 2024-04-08]; 25626 [cfc747c8 2025-05-22]
series,Dadra and Nagar Haveli,enrolled,total,2019-20,4,112,160,30.0,160,112 [a342ecbe 2021-07-28]; 112 [36b9567e 2022-02-25]; 160 [d5a26bc1 2022-09-15]; 160 [ba097f68 2023-11-18]
series,Ladakh,enrolled,total,2020-21,7,118,167,29.3,118,167 [7ca95fc4 2022-07-29]; 118 [d5a26bc1 2022-09-15]; 167 [89bce479 2022-12-25]; 118 [ba097f68 2023-11-18]; 118 [68e53cc1 2023-11-19]; 118 [c123ed4d 2024-04-08]; 118 [cfc747c8 2025-05-22]
series,Tripura,enrolled,total,2020-21,8,2018,2710,25.5,2043,2710 [7ca95fc4 2022-07-29]; 2043 [d5a26bc1 2022-09-15]; 2710 [89bce479 2022-12-25]; 2043 [ba097f68 2023-11-18]; 2018 [68e53cc1 2023-11-19]; 2043 [55d77373 2024-03-22]; 2043 [c123ed4d 2024-04-08]; 2043 [cfc747c8 2025-05-22]
series,Mizoram,enrolled,total,2020-21,8,242,300,19.3,242,300 [7ca95fc4 2022-07-29]; 242 [d5a26bc1 2022-09-15]; 300 [89bce479 2022-12-25]; 242 [ba097f68 2023-11-18]; 242 [68e53cc1 2023-11-19]; 242 [55d77373 2024-03-22]; 242 [c123ed4d 2024-04-08]; 242 [cfc747c8 2025-05-22]
series,Assam,enrolled,total,2019-20,9,2965,3611,17.9,2965,3611 [a342ecbe 2021-07-28]; 3611 [36b9567e 2022-02-25]; 3611 [7ca95fc4 2022-07-29]; 2965 [d5a26bc1 2022-09-15]; 2965 [ba097f68 2023-11-18]; 2965 [68e53cc1 2023-11-19]; 2965 [55d77373 2024-03-22]; 2965 [c123ed4d 2024-04-08]; 2965 [cfc747c8 2025-05-22]
series,Jammu and Kashmir,enrolled,total,2020-21,8,7297,8887,17.9,7545,8887 [7ca95fc4 2022-07-29]; 7540 [d5a26bc1 2022-09-15]; 8887 [89bce479 2022-12-25]; 8887 [5e97937f 2023-11-17]; 7545 [ba097f68 2023-11-18]; 7297 [68e53cc1 2023-11-19]; 7545 [c123ed4d 2024-04-08]; 7545 [cfc747c8 2025-05-22]
series,Assam,enrolled,total,2020-21,8,3210,3895,17.6,3210,3895 [7ca95fc4 2022-07-29]; 3210 [d5a26bc1 2022-09-15]; 3895 [89bce479 2022-12-25]; 3210 [ba097f68 2023-11-18]; 3210 [68e53cc1 2023-11-19]; 3210 [55d77373 2024-03-22]; 3210 [c123ed4d 2024-04-08]; 3210 [cfc747c8 2025-05-22]
series,Dadra and Nagar Haveli and Daman and Diu,enrolled,total,2019-20,4,264,319,17.2,319,264 [7ca95fc4 2022-07-29]; 319 [68e53cc1 2023-11-19]; 319 [c123ed4d 2024-04-08]; 319 [cfc747c8 2025-05-22]
series,Mizoram,enrolled,total,2019-20,9,274,329,16.7,274,329 [a342ecbe 2021-07-28]; 329 [36b9567e 2022-02-25]; 329 [7ca95fc4 2022-07-29]; 274 [d5a26bc1 2022-09-15]; 274 [ba097f68 2023-11-18]; 274 [68e53cc1 2023-11-19]; 274 [55d77373 2024-03-22]; 274 [c123ed4d 2024-04-08]; 274 [cfc747c8 2025-05-22]
series,Meghalaya,enrolled,total,2019-20,9,512,613,16.5,512,613 [a342ecbe 2021-07-28]; 613 [36b9567e 2022-02-25]; 613 [7ca95fc4 2022-07-29]; 512 [d5a26bc1 2022-09-15]; 512 [ba097f68 2023-11-18]; 512 [68e53cc1 2023-11-19]; 512 [55d77373 2024-03-22]; 512 [c123ed4d 2024-04-08]; 512 [cfc747c8 2025-05-22]
series,Delhi,enrolled,total,2020-21,7,8672,10340,16.1,8672,10340 [7ca95fc4 2022-07-29]; 8672 [d5a26bc1 2022-09-15]; 10340 [89bce479 2022-12-25]; 8672 [ba097f68 2023-11-18]; 8672 [68e53cc1 2023-11-19]; 8672 [c123ed4d 2024-04-08]; 8672 [cfc747c8 2025-05-22]
series,Tripura,enrolled,total,2019-20,9,1482,1745,15.1,1497,1745 [a342ecbe 2021-07-28]; 1745 [36b9567e 2022-02-25]; 1745 [7ca95fc4 2022-07-29]; 1497 [d5a26bc1 2022-09-15]; 1497 [ba097f68 2023-11-18]; 1497 [68e53cc1 2023-11-19]; 1482 [55d77373 2024-03-22]; 1497 [c123ed4d 2024-04-08]; 1497 [cfc747c8 2025-05-22]
series,Goa,enrolled,total,2020-21,7,1742,2050,15.0,1742,2050 [7ca95fc4 2022-07-29]; 1742 [d5a26bc1 2022-09-15]; 2050 [89bce479 2022-12-25]; 1742 [ba097f68 2023-11-18]; 1742 [68e53cc1 2023-11-19]; 1742 [c123ed4d 2024-04-08]; 1742 [cfc747c8 2025-05-22]
series,Nagaland,enrolled,total,2019-20,9,228,265,14.0,228,265 [a342ecbe 2021-07-28]; 265 [36b9567e 2022-02-25]; 265 [7ca95fc4 2022-07-29]; 228 [d5a26bc1 2022-09-15]; 228 [ba097f68 2023-11-18]; 228 [68e53cc1 2023-11-19]; 228 [55d77373 2024-03-22]; 228 [c123ed4d 2024-04-08]; 228 [cfc747c8 2025-05-22]
series,Nagaland,enrolled,total,2020-21,8,222,257,13.6,222,257 [7ca95fc4 2022-07-29]; 222 [d5a26bc1 2022-09-15]; 257 [89bce479 2022-12-25]; 222 [ba097f68 2023-11-18]; 222 [68e53cc1 2023-11-19]; 222 [55d77373 2024-03-22]; 222 [c123ed4d 2024-04-08]; 222 [cfc747c8 2025-05-22]
series,Rajasthan,enrolled,total,2019-20,8,136139,157181,13.4,136224,157181 [a342ecbe 2021-07-28]; 157181 [36b9567e 2022-02-25]; 157181 [7ca95fc4 2022-07-29]; 136139 [d5a26bc1 2022-09-15]; 136139 [ba097f68 2023-11-18]; 136139 [68e53cc1 2023-11-19]; 136224 [c123ed4d 2024-04-08]; 136224 [cfc747c8 2025-05-22]
series,Punjab,enrolled,total,2020-21,7,47588,54727,13.0,47590,54727 [7ca95fc4 2022-07-29]; 47588 [d5a26bc1 2022-09-15]; 54727 [89bce479 2022-12-25]; 47590 [ba097f68 2023-11-18]; 47588 [68e53cc1 2023-11-19]; 47590 [c123ed4d 2024-04-08]; 47590 [cfc747c8 2025-05-22]
series,Jammu and Kashmir,enrolled,total,2019-20,9,4396,5040,12.8,4396,5040 [a342ecbe 2021-07-28]; 5040 [36b9567e 2022-02-25]; 5040 [7ca95fc4 2022-07-29]; 4396 [d5a26bc1 2022-09-15]; 5040 [5e97937f 2023-11-17]; 4396 [ba097f68 2023-11-18]; 4396 [68e53cc1 2023-11-19]; 4396 [c123ed4d 2024-04-08]; 4396 [cfc747c8 2025-05-22]
series,Dadra and Nagar Haveli and Daman and Diu,enrolled,total,2020-21,5,318,357,10.9,318,357 [7ca95fc4 2022-07-29]; 357 [89bce479 2022-12-25]; 318 [68e53cc1 2023-11-19]; 318 [c123ed4d 2024-04-08]; 318 [cfc747c8 2025-05-22]
series,Haryana,enrolled,total,2020-21,7,54209,60708,10.7,54275,60708 [7ca95fc4 2022-07-29]; 54270 [d5a26bc1 2022-09-15]; 60708 [89bce479 2022-12-25]; 54275 [ba097f68 2023-11-18]; 54209 [68e53cc1 2023-11-19]; 54275 [c123ed4d 2024-04-08]; 54275 [cfc747c8 2025-05-22]
series,Chandigarh,enrolled,total,2020-21,7,831,923,10.0,831,923 [7ca95fc4 2022-07-29]; 831 [d5a26bc1 2022-09-15]; 923 [89bce479 2022-12-25]; 831 [ba097f68 2023-11-18]; 831 [68e53cc1 2023-11-19]; 831 [c123ed4d 2024-04-08]; 831 [cfc747c8 2025-05-22]
series,Uttar Pradesh,enrolled,total,2019-20,8,335342,371103,9.6,336119,371103 [a342ecbe 2021-07-28]; 371103 [36b9567e 2022-02-25]; 371103 [7ca95fc4 2022-07-29]; 335342 [d5a26bc1 2022-09-15]; 336060 [ba097f68 2023-11-18]; 335642 [68e53cc1 2023-11-19]; 336119 [c123ed4d 2024-04-08]; 336119 [cfc747c8 2025-05-22]
series,Manipur,enrolled,total,2019-20,9,80,88,9.1,80,88 [a342ecbe 2021-07-28]; 88 [36b9567e 2022-02-25]; 88 [7ca95fc4 2022-07-29]; 80 [d5a26bc1 2022-09-15]; 80 [ba097f68 2023-11-18]; 80 [68e53cc1 2023-11-19]; 80 [55d77373 2024-03-22]; 80 [c123ed4d 2024-04-08]; 80 [cfc747c8 2025-05-22]
series,Tamil Nadu,enrolled,total,2020-21,7,27309,30045,9.1,27315,30045 [7ca95fc4 2022-07-29]; 27309 [d5a26bc1 2022-09-15]; 30045 [89bce479 2022-12-25]; 27315 [ba097f68 2023-11-18]; 27314 [68e53cc1 2023-11-19]; 27315 [c123ed4d 2024-04-08]; 27315 [cfc747c8 2025-05-22]
series,Meghalaya,enrolled,total,2022-23,4,671,738,9.1,738,671 [55d77373 2024-03-22]; 738 [c123ed4d 2024-04-08]; 738 [cfc747c8 2025-05-22]; 738 [7cc46a5e 2025-08-11]
series,Manipur,enrolled,total,2020-21,8,82,90,8.9,82,90 [7ca95fc4 2022-07-29]; 82 [d5a26bc1 2022-09-15]; 90 [89bce479 2022-12-25]; 82 [ba097f68 2023-11-18]; 82 [68e53cc1 2023-11-19]; 82 [55d77373 2024-03-22]; 82 [c123ed4d 2024-04-08]; 82 [cfc747c8 2025-05-22]
series,All India,enrolled,total,2020-21,7,1217344,1335679,8.9,1219446,1335679 [7ca95fc4 2022-07-29]; 1217344 [d5a26bc1 2022-09-15]; 1335679 [89bce479 2022-12-25]; 1219283 [ba097f68 2023-11-18]; 1218036 [68e53cc1 2023-11-19]; 1219446 [c123ed4d 2024-04-08]; 1219446 [cfc747c8 2025-05-22]
series,Chhattisgarh,enrolled,total,2020-21,7,19228,20939,8.2,19571,20939 [7ca95fc4 2022-07-29]; 19568 [d5a26bc1 2022-09-15]; 20939 [89bce479 2022-12-25]; 19568 [ba097f68 2023-11-18]; 19228 [68e53cc1 2023-11-19]; 19571 [c123ed4d 2024-04-08]; 19571 [cfc747c8 2025-05-22]
series,Lakshadweep,enrolled,total,2019-20,8,246,268,8.2,246,268 [a342ecbe 2021-07-28]; 268 [36b9567e 2022-02-25]; 268 [7ca95fc4 2022-07-29]; 246 [d5a26bc1 2022-09-15]; 246 [ba097f68 2023-11-18]; 246 [68e53cc1 2023-11-19]; 246 [c123ed4d 2024-04-08]; 246 [cfc747c8 2025-05-22]
series,Puducherry,enrolled,total,2019-20,8,789,858,8.0,789,858 [a342ecbe 2021-07-28]; 858 [36b9567e 2022-02-25]; 858 [7ca95fc4 2022-07-29]; 789 [d5a26bc1 2022-09-15]; 789 [ba097f68 2023-11-18]; 789 [68e53cc1 2023-11-19]; 789 [c123ed4d 2024-04-08]; 789 [cfc747c8 2025-05-22]
series,Uttar Pradesh,enrolled,total,2020-21,7,278922,302363,7.8,279998,302363 [7ca95fc4 2022-07-29]; 278922 [d5a26bc1 2022-09-15]; 302363 [89bce479 2022-12-25]; 279998 [ba097f68 2023-11-18]; 279799 [68e53cc1 2023-11-19]; 279998 [c123ed4d 2024-04-08]; 279998 [cfc747c8 2025-05-22]
series,Delhi,enrolled,total,2019-20,8,9757,10559,7.6,9757,10559 [a342ecbe 2021-07-28]; 10559 [36b9567e 2022-02-25]; 10559 [7ca95fc4 2022-07-29]; 9757 [d5a26bc1 2022-09-15]; 9757 [ba097f68 2023-11-18]; 9757 [68e53cc1 2023-11-19]; 9757 [c123ed4d 2024-04-08]; 9757 [cfc747c8 2025-05-22]
series,Chandigarh,enrolled,total,2019-20,8,968,1043,7.2,968,1043 [a342ecbe 2021-07-28]; 1043 [36b9567e 2022-02-25]; 1043 [7ca95fc4 2022-07-29]; 968 [d5a26bc1 2022-09-15]; 968 [ba097f68 2023-11-18]; 968 [68e53cc1 2023-11-19]; 968 [c123ed4d 2024-04-08]; 968 [cfc747c8 2025-05-22]
series,Andaman and Nicobar Islands,enrolled,total,2020-21,7,619,663,6.6,619,663 [7ca95fc4 2022-07-29]; 619 [d5a26bc1 2022-09-15]; 663 [89bce479 2022-12-25]; 619 [ba097f68 2023-11-18]; 619 [68e53cc1 2023-11-19]; 619 [c123ed4d 2024-04-08]; 619 [cfc747c8 2025-05-22]
series,Gujarat,enrolled,total,2020-21,7,85379,91320,6.5,85391,91320 [7ca95fc4 2022-07-29]; 85379 [d5a26bc1 2022-09-15]; 91320 [89bce479 2022-12-25]; 85391 [ba097f68 2023-11-18]; 85391 [68e53cc1 2023-11-19]; 85391 [c123ed4d 2024-04-08]; 85391 [cfc747c8 2025-05-22]
series,West Bengal,enrolled,total,2020-21,7,30633,32709,6.3,30696,32709 [7ca95fc4 2022-07-29]; 30633 [d5a26bc1 2022-09-15]; 32709 [89bce479 2022-12-25]; 30696 [ba097f68 2023-11-18]; 30692 [68e53cc1 2023-11-19]; 30696 [c123ed4d 2024-04-08]; 30696 [cfc747c8 2025-05-22]
series,Goa,enrolled,total,2019-20,8,1727,1837,6.0,1727,1837 [a342ecbe 2021-07-28]; 1837 [36b9567e 2022-02-25]; 1837 [7ca95fc4 2022-07-29]; 1727 [d5a26bc1 2022-09-15]; 1727 [ba097f68 2023-11-18]; 1727 [68e53cc1 2023-11-19]; 1727 [c123ed4d 2024-04-08]; 1727 [cfc747c8 2025-05-22]
series,Haryana,enrolled,total,2019-20,8,52772,55822,5.5,53251,55822 [a342ecbe 2021-07-28]; 55822 [36b9567e 2022-02-25]; 55822 [7ca95fc4 2022-07-29]; 53213 [d5a26bc1 2022-09-15]; 53213 [ba097f68 2023-11-18]; 52772 [68e53cc1 2023-11-19]; 53251 [c123ed4d 2024-04-08]; 53251 [cfc747c8 2025-05-22]
series,Sikkim,enrolled,total,2020-21,8,260,275,5.5,260,275 [7ca95fc4 2022-07-29]; 260 [d5a26bc1 2022-09-15]; 275 [89bce479 2022-12-25]; 260 [ba097f68 2023-11-18]; 260 [68e53cc1 2023-11-19]; 260 [55d77373 2024-03-22]; 260 [c123ed4d 2024-04-08]; 260 [cfc747c8 2025-05-22]
series,Maharashtra,enrolled,total,2020-21,8,102669,108079,5.0,102680,108079 [7ca95fc4 2022-07-29]; 102669 [d5a26bc1 2022-09-15]; 108079 [89bce479 2022-12-25]; 108079 [5e97937f 2023-11-17]; 102680 [ba097f68 2023-11-18]; 102679 [68e53cc1 2023-11-19]; 102680 [c123ed4d 2024-04-08]; 102680 [cfc747c8 2025-05-22]
series,Rajasthan,enrolled,total,2020-21,7,101487,106784,5.0,101614,106784 [7ca95fc4 2022-07-29]; 101580 [d5a26bc1 2022-09-15]; 106784 [89bce479 2022-12-25]; 101593 [ba097f68 2023-11-18]; 101487 [68e53cc1 2023-11-19]; 101614 [c123ed4d 2024-04-08]; 101614 [cfc747c8 2025-05-22]
series,Madhya Pradesh,enrolled,total,2020-21,7,71025,74592,4.8,71096,74592 [7ca95fc4 2022-07-29]; 71025 [d5a26bc1 2022-09-15]; 74592 [89bce479 2022-12-25]; 71096 [ba097f68 2023-11-18]; 71061 [68e53cc1 2023-11-19]; 71096 [c123ed4d 2024-04-08]; 71096 [cfc747c8 2025-05-22]
series,Delhi,enrolled,total,2018-19,5,12564,13177,4.7,13177,13177 [a342ecbe 2021-07-28]; 13177 [36b9567e 2022-02-25]; 13177 [7ca95fc4 2022-07-29]; 12564 [d5a26bc1 2022-09-15]; 13177 [ba097f68 2023-11-18]
series,All India,enrolled,total,2019-20,8,1357954,1424239,4.7,1359489,1424239 [a342ecbe 2021-07-28]; 1424239 [36b9567e 2022-02-25]; 1424239 [7ca95fc4 2022-07-29]; 1358177 [d5a26bc1 2022-09-15]; 1359245 [ba097f68 2023-11-18]; 1357954 [68e53cc1 2023-11-19]; 1359489 [c123ed4d 2024-04-08]; 1359489 [cfc747c8 2025-05-22]
series,Arunachal Pradesh,enrolled,total,2020-21,8,577,605,4.6,577,605 [7ca95fc4 2022-07-29]; 577 [d5a26bc1 2022-09-15]; 605 [89bce479 2022-12-25]; 577 [ba097f68 2023-11-18]; 577 [68e53cc1 2023-11-19]; 577 [55d77373 2024-03-22]; 577 [c123ed4d 2024-04-08]; 577 [cfc747c8 2025-05-22]
series,Daman and Diu,enrolled,total,2019-20,4,152,159,4.4,159,152 [a342ecbe 2021-07-28]; 152 [36b9567e 2022-02-25]; 159 [d5a26bc1 2022-09-15]; 159 [ba097f68 2023-11-18]
series,Karnataka,enrolled,total,2020-21,7,54242,56740,4.4,54244,56740 [7ca95fc4 2022-07-29]; 54242 [d5a26bc1 2022-09-15]; 56740 [89bce479 2022-12-25]; 54244 [ba097f68 2023-11-18]; 54243 [68e53cc1 2023-11-19]; 54244 [c123ed4d 2024-04-08]; 54244 [cfc747c8 2025-05-22]
series,Sikkim,enrolled,total,2019-20,9,207,216,4.2,207,216 [a342ecbe 2021-07-28]; 216 [36b9567e 2022-02-25]; 216 [7ca95fc4 2022-07-29]; 207 [d5a26bc1 2022-09-15]; 207 [ba097f68 2023-11-18]; 207 [68e53cc1 2023-11-19]; 207 [55d77373 2024-03-22]; 207 [c123ed4d 2024-04-08]; 207 [cfc747c8 2025-05-22]
series,Andhra Pradesh,enrolled,total,2020-21,7,49138,51257,4.1,49142,51257 [7ca95fc4 2022-07-29]; 49138 [d5a26bc1 2022-09-15]; 51257 [89bce479 2022-12-25]; 49142 [ba097f68 2023-11-18]; 49142 [68e53cc1 2023-11-19]; 49142 [c123ed4d 2024-04-08]; 49142 [cfc747c8 2025-05-22]
series,Tamil Nadu,enrolled,total,2019-20,8,35024,36470,4.0,35024,36470 [a342ecbe 2021-07-28]; 36470 [36b9567e 2022-02-25]; 36470 [7ca95fc4 2022-07-29]; 35024 [d5a26bc1 2022-09-15]; 35024 [ba097f68 2023-11-18]; 35024 [68e53cc1 2023-11-19]; 35024 [c123ed4d 2024-04-08]; 35024 [cfc747c8 2025-05-22]
series,Kerala,enrolled,total,2020-21,7,31578,32785,3.7,31632,32785 [7ca95fc4 2022-07-29]; 31630 [d5a26bc1 2022-09-15]; 32785 [89bce479 2022-12-25]; 31632 [ba097f68 2023-11-18]; 31578 [68e53cc1 2023-11-19]; 31632 [c123ed4d 2024-04-08]; 31632 [cfc747c8 2025-05-22]
series,Bihar,enrolled,total,2020-21,7,104384,108224,3.5,105030,108224 [7ca95fc4 2022-07-29]; 104384 [d5a26bc1 2022-09-15]; 108224 [89bce479 2022-12-25]; 104957 [ba097f68 2023-11-18]; 104809 [68e53cc1 2023-11-19]; 105030 [c123ed4d 2024-04-08]; 105030 [cfc747c8 2025-05-22]
series,Telangana,enrolled,total,2017-18,4,32672,33732,3.1,32672,33732 [a342ecbe 2021-07-28]; 33732 [36b9567e 2022-02-25]; 33732 [d5a26bc1 2022-09-15]; 32672 [4de52cc2 2023-12-03]
series,Mizoram,enrolled,total,2016-17,3,474,488,2.9,474,474 [799ec786 2019-09-12]; 488 [d5a26bc1 2022-09-15]; 474 [4de52cc2 2023-12-03]
series,Arunachal Pradesh,enrolled,total,2018-19,5,629,648,2.9,648,648 [a342ecbe 2021-07-28]; 648 [36b9567e 2022-02-25]; 648 [7ca95fc4 2022-07-29]; 629 [d5a26bc1 2022-09-15]; 648 [ba097f68 2023-11-18]
series,Odisha,enrolled,total,2020-21,7,49689,51193,2.9,49694,51193 [7ca95fc4 2022-07-29]; 49689 [d5a26bc1 2022-09-15]; 51193 [89bce479 2022-12-25]; 49694 [ba097f68 2023-11-18]; 49694 [68e53cc1 2023-11-19]; 49694 [c123ed4d 2024-04-08]; 49694 [cfc747c8 2025-05-22]
series,Jammu and Kashmir,enrolled,total,2016-17,3,2580,2653,2.8,2653,2653 [799ec786 2019-09-12]; 2580 [d5a26bc1 2022-09-15]; 2653 [4de52cc2 2023-12-03]
series,Dadra and Nagar Haveli,enrolled,total,2017-18,4,111,114,2.6,111,114 [a342ecbe 2021-07-28]; 114 [36b9567e 2022-02-25]; 114 [d5a26bc1 2022-09-15]; 111 [4de52cc2 2023-12-03]
series,Jammu and Kashmir,enrolled,total,2017-18,4,2651,2721,2.6,2721,2721 [a342ecbe 2021-07-28]; 2721 [36b9567e 2022-02-25]; 2651 [d5a26bc1 2022-09-15]; 2721 [4de52cc2 2023-12-03]
series,Jammu and Kashmir,enrolled,total,2018-19,6,2772,2847,2.6,2772,2847 [a342ecbe 2021-07-28]; 2847 [36b9567e 2022-02-25]; 2847 [7ca95fc4 2022-07-29]; 2772 [d5a26bc1 2022-09-15]; 2847 [5e97937f 2023-11-17]; 2772 [ba097f68 2023-11-18]
series,Kerala,enrolled,total,2019-20,8,35165,36004,2.3,35201,36004 [a342ecbe 2021-07-28]; 36004 [36b9567e 2022-02-25]; 36004 [7ca95fc4 2022-07-29]; 35165 [d5a26bc1 2022-09-15]; 35201 [ba097f68 2023-11-18]; 35165 [68e53cc1 2023-11-19]; 35201 [c123ed4d 2024-04-08]; 35201 [cfc747c8 2025-05-22]
series,Madhya Pradesh,enrolled,total,2019-20,8,71685,73278,2.2,73278,71685 [a342ecbe 2021-07-28]; 71685 [36b9567e 2022-02-25]; 71685 [7ca95fc4 2022-07-29]; 73232 [d5a26bc1 2022-09-15]; 73278 [ba097f68 2023-11-18]; 73232 [68e53cc1 2023-11-19]; 73278 [c123ed4d 2024-04-08]; 73278 [cfc747c8 2025-05-22]
series,Himachal Pradesh,enrolled,total,2019-20,9,21726,22203,2.1,22203,21726 [a342ecbe 2021-07-28]; 21726 [36b9567e 2022-02-25]; 21726 [7ca95fc4 2022-07-29]; 22203 [d5a26bc1 2022-09-15]; 21726 [5e97937f 2023-11-17]; 22203 [ba097f68 2023-11-18]; 22203 [68e53cc1 2023-11-19]; 22203 [c123ed4d 2024-04-08]; 22203 [cfc747c8 2025-05-22]
series,Gujarat,enrolled,total,2019-20,8,69531,70967,2.0,69531,70967 [a342ecbe 2021-07-28]; 70967 [36b9567e 2022-02-25]; 70967 [7ca95fc4 2022-07-29]; 69531 [d5a26bc1 2022-09-15]; 69531 [ba097f68 2023-11-18]; 69531 [68e53cc1 2023-11-19]; 69531 [c123ed4d 2024-04-08]; 69531 [cfc747c8 2025-05-22]
series,Puducherry,enrolled,total,2020-21,7,687,701,2.0,687,701 [7ca95fc4 2022-07-29]; 687 [d5a26bc1 2022-09-15]; 701 [89bce479 2022-12-25]; 687 [ba097f68 2023-11-18]; 687 [68e53cc1 2023-11-19]; 687 [c123ed4d 2024-04-08]; 687 [cfc747c8 2025-05-22]
series,Odisha,enrolled,total,2019-20,8,49043,49984,1.9,49043,49984 [a342ecbe 2021-07-28]; 49984 [36b9567e 2022-02-25]; 49984 [7ca95fc4 2022-07-29]; 49043 [d5a26bc1 2022-09-15]; 49043 [ba097f68 2023-11-18]; 49043 [68e53cc1 2023-11-19]; 49043 [c123ed4d 2024-04-08]; 49043 [cfc747c8 2025-05-22]
series,Jharkhand,enrolled,total,2021-22,5,29196,29760,1.9,29760,29760 [ba097f68 2023-11-18]; 29196 [68e53cc1 2023-11-19]; 29760 [c123ed4d 2024-04-08]; 29760 [cfc747c8 2025-05-22]; 29760 [7cc46a5e 2025-08-11]
series,Nagaland,enrolled,total,2017-18,4,109,111,1.8,109,111 [a342ecbe 2021-07-28]; 111 [36b9567e 2022-02-25]; 111 [d5a26bc1 2022-09-15]; 109 [4de52cc2 2023-12-03]
series,Punjab,enrolled,total,2019-20,8,39623,40309,1.7,39747,40309 [a342ecbe 2021-07-28]; 40309 [36b9567e 2022-02-25]; 40309 [7ca95fc4 2022-07-29]; 39623 [d5a26bc1 2022-09-15]; 39747 [ba097f68 2023-11-18]; 39623 [68e53cc1 2023-11-19]; 39747 [c123ed4d 2024-04-08]; 39747 [cfc747c8 2025-05-22]
series,Uttarakhand,enrolled,total,2019-20,8,10877,11052,1.6,11052,10877 [a342ecbe 2021-07-28]; 10877 [36b9567e 2022-02-25]; 10877 [7ca95fc4 2022-07-29]; 11052 [d5a26bc1 2022-09-15]; 11052 [ba097f68 2023-11-18]; 11052 [68e53cc1 2023-11-19]; 11052 [c123ed4d 2024-04-08]; 11052 [cfc747c8 2025-05-22]
series,Jharkhand,enrolled,total,2017-18,4,28981,29413,1.5,28981,29413 [a342ecbe 2021-07-28]; 29413 [36b9567e 2022-02-25]; 29178 [d5a26bc1 2022-09-15]; 28981 [4de52cc2 2023-12-03]
series,Andhra Pradesh,enrolled,total,2019-20,8,55446,56264,1.5,56264,55446 [a342ecbe 2021-07-28]; 55446 [36b9567e 2022-02-25]; 55446 [7ca95fc4 2022-07-29]; 56264 [d5a26bc1 2022-09-15]; 56264 [ba097f68 2023-11-18]; 56264 [68e53cc1 2023-11-19]; 56264 [c123ed4d 2024-04-08]; 56264 [cfc747c8 2025-05-22]
series,Kerala,enrolled,total,2018-19,5,37836,38411,1.5,38411,38411 [a342ecbe 2021-07-28]; 38411 [36b9567e 2022-02-25]; 38411 [7ca95fc4 2022-07-29]; 37836 [d5a26bc1 2022-09-15]; 38411 [ba097f68 2023-11-18]
series,Jharkhand,enrolled,total,2016-17,3,31691,32142,1.4,31691,32142 [799ec786 2019-09-12]; 31942 [d5a26bc1 2022-09-15]; 31691 [4de52cc2 2023-12-03]
series,Uttar Pradesh,enrolled,total,2016-17,3,233165,236452,1.4,233165,236452 [799ec786 2019-09-12]; 236143 [d5a26bc1 2022-09-15]; 233165 [4de52cc2 2023-12-03]
series,Telangana,enrolled,total,2020-21,7,29450,29870,1.4,29468,29870 [7ca95fc4 2022-07-29]; 29450 [d5a26bc1 2022-09-15]; 29870 [89bce479 2022-12-25]; 29468 [ba097f68 2023-11-18]; 29466 [68e53cc1 2023-11-19]; 29468 [c123ed4d 2024-04-08]; 29468 [cfc747c8 2025-05-22]
series,Tripura,enrolled,total,2018-19,5,2753,2792,1.4,2792,2792 [a342ecbe 2021-07-28]; 2792 [36b9567e 2022-02-25]; 2792 [7ca95fc4 2022-07-29]; 2753 [d5a26bc1 2022-09-15]; 2792 [ba097f68 2023-11-18]
series,Nagaland,enrolled,total,2016-17,3,169,171,1.2,169,171 [799ec786 2019-09-12]; 171 [d5a26bc1 2022-09-15]; 169 [4de52cc2 2023-12-03]
series,Bihar,enrolled,total,2016-17,3,94061,95140,1.1,94061,95140 [799ec786 2019-09-12]; 94540 [d5a26bc1 2022-09-15]; 94061 [4de52cc2 2023-12-03]
series,Chhattisgarh,enrolled,total,2019-20,8,21831,22077,1.1,21831,22077 [a342ecbe 2021-07-28]; 22077 [36b9567e 2022-02-25]; 22077 [7ca95fc4 2022-07-29]; 21831 [d5a26bc1 2022-09-15]; 21831 [ba097f68 2023-11-18]; 21831 [68e53cc1 2023-11-19]; 21831 [c123ed4d 2024-04-08]; 21831 [cfc747c8 2025-05-22]
series,Haryana,enrolled,total,2018-19,5,67770,68440,1.0,68440,68440 [a342ecbe 2021-07-28]; 68440 [36b9567e 2022-02-25]; 68440 [7ca95fc4 2022-07-29]; 67770 [d5a26bc1 2022-09-15]; 68440 [ba097f68 2023-11-18]
series,Maharashtra,enrolled,total,2019-20,9,110734,111909,1.0,110734,111909 [a342ecbe 2021-07-28]; 111909 [36b9567e 2022-02-25]; 111909 [7ca95fc4 2022-07-29]; 110734 [d5a26bc1 2022-09-15]; 111909 [5e97937f 2023-11-17]; 110734 [ba097f68 2023-11-18]; 110734 [68e53cc1 2023-11-19]; 110734 [c123ed4d 2024-04-08]; 110734 [cfc747c8 2025-05-22]
series,Bihar,enrolled,total,2017-18,4,99516,100370,0.9,99516,100370 [a342ecbe 2021-07-28]; 100370 [36b9567e 2022-02-25]; 99594 [d5a26bc1 2022-09-15]; 99516 [4de52cc2 2023-12-03]
series,Arunachal Pradesh,enrolled,total,2016-17,3,606,611,0.8,611,606 [799ec786 2019-09-12]; 606 [d5a26bc1 2022-09-15]; 611 [4de52cc2 2023-12-03]
series,Karnataka,enrolled,total,2019-20,8,73714,74342,0.8,73714,74342 [a342ecbe 2021-07-28]; 74342 [36b9567e 2022-02-25]; 74342 [7ca95fc4 2022-07-29]; 73714 [d5a26bc1 2022-09-15]; 73714 [ba097f68 2023-11-18]; 73714 [68e53cc1 2023-11-19]; 73714 [c123ed4d 2024-04-08]; 73714 [cfc747c8 2025-05-22]
series,Punjab,enrolled,total,2018-19,5,41611,41934,0.8,41934,41934 [a342ecbe 2021-07-28]; 41934 [36b9567e 2022-02-25]; 41934 [7ca95fc4 2022-07-29]; 41611 [d5a26bc1 2022-09-15]; 41934 [ba097f68 2023-11-18]
series,West Bengal,enrolled,total,2019-20,8,32506,32762,0.8,32506,32762 [a342ecbe 2021-07-28]; 32762 [36b9567e 2022-02-25]; 32762 [7ca95fc4 2022-07-29]; 32506 [d5a26bc1 2022-09-15]; 32506 [ba097f68 2023-11-18]; 32506 [68e53cc1 2023-11-19]; 32506 [c123ed4d 2024-04-08]; 32506 [cfc747c8 2025-05-22]
series,Karnataka,enrolled,total,2021-22,5,65697,66238,0.8,66238,66238 [ba097f68 2023-11-18]; 65697 [68e53cc1 2023-11-19]; 66238 [c123ed4d 2024-04-08]; 66238 [cfc747c8 2025-05-22]; 66238 [7cc46a5e 2025-08-11]
series,Mizoram,enrolled,total,2021-22,6,254,256,0.8,256,256 [ba097f68 2023-11-18]; 254 [68e53cc1 2023-11-19]; 256 [55d77373 2024-03-22]; 256 [c123ed4d 2024-04-08]; 256 [cfc747c8 2025-05-22]; 256 [7cc46a5e 2025-08-11]
series,Bihar,enrolled,total,2019-20,8,111670,112408,0.7,112408,111670 [a342ecbe 2021-07-28]; 111670 [36b9567e 2022-02-25]; 111670 [7ca95fc4 2022-07-29]; 112206 [d5a26bc1 2022-09-15]; 112346 [ba097f68 2023-11-18]; 112124 [68e53cc1 2023-11-19]; 112408 [c123ed4d 2024-04-08]; 112408 [cfc747c8 2025-05-22]
series,Himachal Pradesh,enrolled,total,2018-19,6,21403,21556,0.7,21556,21556 [a342ecbe 2021-07-28]; 21556 [36b9567e 2022-02-25]; 21556 [7ca95fc4 2022-07-29]; 21403 [d5a26bc1 2022-09-15]; 21556 [5e97937f 2023-11-17]; 21556 [ba097f68 2023-11-18]
series,Uttar Pradesh,enrolled,total,2018-19,5,353072,355399,0.7,355397,355399 [a342ecbe 2021-07-28]; 355399 [36b9567e 2022-02-25]; 355399 [7ca95fc4 2022-07-29]; 353072 [d5a26bc1 2022-09-15]; 355397 [ba097f68 2023-11-18]
series,Uttarakhand,enrolled,total,2018-19,5,12787,12879,0.7,12879,12879 [a342ecbe 2021-07-28]; 12879 [36b9567e 2022-02-25]; 12879 [7ca95fc4 2022-07-29]; 12787 [d5a26bc1 2022-09-15]; 12879 [ba097f68 2023-11-18]
series,West Bengal,enrolled,total,2018-19,5,33220,33461,0.7,33461,33461 [a342ecbe 2021-07-28]; 33461 [36b9567e 2022-02-25]; 33461 [7ca95fc4 2022-07-29]; 33220 [d5a26bc1 2022-09-15]; 33461 [ba097f68 2023-11-18]
series,Haryana,enrolled,total,2021-22,5,48701,49032,0.7,49032,49032 [ba097f68 2023-11-18]; 48701 [68e53cc1 2023-11-19]; 49032 [c123ed4d 2024-04-08]; 49032 [cfc747c8 2025-05-22]; 49032 [7cc46a5e 2025-08-11]
series,Haryana,enrolled,total,2017-18,4,44161,44410,0.6,44161,44410 [a342ecbe 2021-07-28]; 44410 [36b9567e 2022-02-25]; 44377 [d5a26bc1 2022-09-15]; 44161 [4de52cc2 2023-12-03]
series,Madhya Pradesh,enrolled,total,2017-18,4,56803,57154,0.6,56803,57154 [a342ecbe 2021-07-28]; 57154 [36b9567e 2022-02-25]; 57093 [d5a26bc1 2022-09-15]; 56803 [4de52cc2 2023-12-03]
series,Odisha,enrolled,total,2016-17,3,48882,49174,0.6,49145,49174 [799ec786 2019-09-12]; 48882 [d5a26bc1 2022-09-15]; 49145 [4de52cc2 2023-12-03]
series,Punjab,enrolled,total,2016-17,3,37122,37350,0.6,37122,37350 [799ec786 2019-09-12]; 37260 [d5a26bc1 2022-09-15]; 37122 [4de52cc2 2023-12-03]
series,Uttar Pradesh,enrolled,total,2017-18,4,246358,247784,0.6,246358,247784 [a342ecbe 2021-07-28]; 247784 [36b9567e 2022-02-25]; 247421 [d5a26bc1 2022-09-15]; 246358 [4de52cc2 2023-12-03]
series,Rajasthan,enrolled,total,2021-22,5,94776,95342,0.6,95342,95295 [ba097f68 2023-11-18]; 94776 [68e53cc1 2023-11-19]; 95342 [c123ed4d 2024-04-08]; 95342 [cfc747c8 2025-05-22]; 95342 [7cc46a5e 2025-08-11]
series,Mizoram,enrolled,total,2017-18,4,419,421,0.5,419,421 [a342ecbe 2021-07-28]; 421 [36b9567e 2022-02-25]; 421 [d5a26bc1 2022-09-15]; 419 [4de52cc2 2023-12-03]
series,All India,enrolled,total,2016-17,3,1195487,1200922,0.5,1195487,1200922 [799ec786 2019-09-12]; 1199201 [d5a26bc1 2022-09-15]; 1195487 [4de52cc2 2023-12-03]
series,Bihar,enrolled,total,2021-22,5,109884,110399,0.5,110399,110399 [ba097f68 2023-11-18]; 109884 [68e53cc1 2023-11-19]; 110399 [c123ed4d 2024-04-08]; 110399 [cfc747c8 2025-05-22]; 110399 [7cc46a5e 2025-08-11]
series,Jammu and Kashmir,enrolled,total,2021-22,5,8024,8062,0.5,8062,8062 [ba097f68 2023-11-18]; 8024 [68e53cc1 2023-11-19]; 8062 [c123ed4d 2024-04-08]; 8062 [cfc747c8 2025-05-22]; 8062 [7cc46a5e 2025-08-11]
series,Madhya Pradesh,enrolled,total,2021-22,5,63009,63306,0.5,63306,63306 [ba097f68 2023-11-18]; 63009 [68e53cc1 2023-11-19]; 63306 [c123ed4d 2024-04-08]; 63306 [cfc747c8 2025-05-22]; 63306 [7cc46a5e 2025-08-11]
series,Meghalaya,enrolled,total,2017-18,4,566,568,0.4,566,568 [a342ecbe 2021-07-28]; 568 [36b9567e 2022-02-25]; 568 [d5a26bc1 2022-09-15]; 566 [4de52cc2 2023-12-03]
series,Odisha,enrolled,total,2017-18,4,48300,48508,0.4,48398,48508 [a342ecbe 2021-07-28]; 48508 [36b9567e 2022-02-25]; 48300 [d5a26bc1 2022-09-15]; 48398 [4de52cc2 2023-12-03]
series,Arunachal Pradesh,enrolled,total,2019-20,9,564,566,0.4,564,566 [a342ecbe 2021-07-28]; 566 [36b9567e 2022-02-25]; 566 [7ca95fc4 2022-07-29]; 564 [d5a26bc1 2022-09-15]; 564 [ba097f68 2023-11-18]; 564 [68e53cc1 2023-11-19]; 564 [55d77373 2024-03-22]; 564 [c123ed4d 2024-04-08]; 564 [cfc747c8 2025-05-22]
series,Maharashtra,enrolled,total,2018-19,6,121790,122219,0.4,122219,122219 [a342ecbe 2021-07-28]; 122219 [36b9567e 2022-02-25]; 122219 [7ca95fc4 2022-07-29]; 121790 [d5a26bc1 2022-09-15]; 122219 [5e97937f 2023-11-17]; 122219 [ba097f68 2023-11-18]
series,Tamil Nadu,enrolled,total,2018-19,5,42768,42934,0.4,42934,42934 [a342ecbe 2021-07-28]; 42934 [36b9567e 2022-02-25]; 42934 [7ca95fc4 2022-07-29]; 42768 [d5a26bc1 2022-09-15]; 42934 [ba097f68 2023-11-18]
series,All India,enrolled,total,2017-18,4,1212680,1217648,0.4,1212680,1217648 [a342ecbe 2021-07-28]; 1217648 [36b9567e 2022-02-25]; 1215731 [d5a26bc1 2022-09-15]; 1212680 [4de52cc2 2023-12-03]
series,All India,enrolled,total,2018-19,5,1449043,1455430,0.4,1455412,1455430 [a342ecbe 2021-07-28]; 1455430 [36b9567e 2022-02-25]; 1455430 [7ca95fc4 2022-07-29]; 1449043 [d5a26bc1 2022-09-15]; 1455412 [ba097f68 2023-11-18]
series,Punjab,enrolled,total,2017-18,4,37083,37193,0.3,37189,37193 [a342ecbe 2021-07-28]; 37193 [36b9567e 2022-02-25]; 37083 [d5a26bc1 2022-09-15]; 37189 [4de52cc2 2023-12-03]
series,Jharkhand,enrolled,total,2018-19,5,29897,29972,0.3,29971,29972 [a342ecbe 2021-07-28]; 29972 [36b9567e 2022-02-25]; 29972 [7ca95fc4 2022-07-29]; 29897 [d5a26bc1 2022-09-15]; 29971 [ba097f68 2023-11-18]
series,Telangana,enrolled,total,2019-20,8,32687,32775,0.3,32775,32687 [a342ecbe 2021-07-28]; 32687 [36b9567e 2022-02-25]; 32687 [7ca95fc4 2022-07-29]; 32775 [d5a26bc1 2022-09-15]; 32775 [ba097f68 2023-11-18]; 32775 [68e53cc1 2023-11-19]; 32775 [c123ed4d 2024-04-08]; 32775 [cfc747c8 2025-05-22]
series,Tamil Nadu,enrolled,total,2021-22,5,28401,28496,0.3,28496,28496 [ba097f68 2023-11-18]; 28401 [68e53cc1 2023-11-19]; 28496 [c123ed4d 2024-04-08]; 28496 [cfc747c8 2025-05-22]; 28496 [7cc46a5e 2025-08-11]
series,Uttar Pradesh,enrolled,total,2021-22,5,272778,273714,0.3,273714,273714 [ba097f68 2023-11-18]; 272778 [68e53cc1 2023-11-19]; 273714 [c123ed4d 2024-04-08]; 273714 [cfc747c8 2025-05-22]; 273714 [7cc46a5e 2025-08-11]
series,All India,enrolled,total,2021-22,5,1221826,1225851,0.3,1225851,1225803 [ba097f68 2023-11-18]; 1221826 [68e53cc1 2023-11-19]; 1225851 [c123ed4d 2024-04-08]; 1225851 [cfc747c8 2025-05-22]; 1225851 [7cc46a5e 2025-08-11]
series,Gujarat,enrolled,total,2017-18,4,71853,71994,0.2,71853,71994 [a342ecbe 2021-07-28]; 71994 [36b9567e 2022-02-25]; 71994 [d5a26bc1 2022-09-15]; 71853 [4de52cc2 2023-12-03]
series,Jharkhand,enrolled,total,2015-16,2,28735,28783,0.2,28735,28783 [799ec786 2019-09-12]; 28735 [4de52cc2 2023-12-03]
series,Madhya Pradesh,enrolled,total,2016-17,3,63871,64027,0.2,63871,64027 [799ec786 2019-09-12]; 63994 [d5a26bc1 2022-09-15]; 63871 [4de52cc2 2023-12-03]
series,Rajasthan,enrolled,total,2016-17,3,122162,122421,0.2,122384,122421 [799ec786 2019-09-12]; 122162 [d5a26bc1 2022-09-15]; 122384 [4de52cc2 2023-12-03]
series,Rajasthan,enrolled,total,2017-18,4,135209,135447,0.2,135209,135447 [a342ecbe 2021-07-28]; 135447 [36b9567e 2022-02-25]; 135340 [d5a26bc1 2022-09-15]; 135209 [4de52cc2 2023-12-03]
series,Chhattisgarh,enrolled,total,2018-19,5,21791,21838,0.2,21838,21838 [a342ecbe 2021-07-28]; 21838 [36b9567e 2022-02-25]; 21838 [7ca95fc4 2022-07-29]; 21791 [d5a26bc1 2022-09-15]; 21838 [ba097f68 2023-11-18]
series,Lakshadweep,enrolled,total,2020-21,7,435,436,0.2,435,436 [7ca95fc4 2022-07-29]; 435 [d5a26bc1 2022-09-15]; 436 [89bce479 2022-12-25]; 435 [ba097f68 2023-11-18]; 435 [68e53cc1 2023-11-19]; 435 [c123ed4d 2024-04-08]; 435 [cfc747c8 2025-05-22]
series,Odisha,enrolled,total,2018-19,5,51226,51337,0.2,51337,51337 [a342ecbe 2021-07-28]; 51337 [36b9567e 2022-02-25]; 51337 [7ca95fc4 2022-07-29]; 51226 [d5a26bc1 2022-09-15]; 51337 [ba097f68 2023-11-18]
series,Rajasthan,enrolled,total,2018-19,5,125331,125527,0.2,125527,125527 [a342ecbe 2021-07-28]; 125527 [36b9567e 2022-02-25]; 125527 [7ca95fc4 2022-07-29]; 125331 [d5a26bc1 2022-09-15]; 125527 [ba097f68 2023-11-18]
series,Bihar,enrolled,total,2015-16,2,82138,82234,0.1,82138,82234 [799ec786 2019-09-12]; 82138 [4de52cc2 2023-12-03]
series,Chhattisgarh,enrolled,total,2016-17,3,16179,16189,0.1,16179,16189 [799ec786 2019-09-12]; 16189 [d5a26bc1 2022-09-15]; 16179 [4de52cc2 2023-12-03]
series,Delhi,enrolled,total,2017-18,4,8619,8624,0.1,8623,8624 [a342ecbe 2021-07-28]; 8624 [36b9567e 2022-02-25]; 8619 [d5a26bc1 2022-09-15]; 8623 [4de52cc2 2023-12-03]
series,Haryana,enrolled,total,2016-17,3,44322,44357,0.1,44322,44357 [799ec786 2019-09-12]; 44322 [d5a26bc1 2022-09-15]; 44322 [4de52cc2 2023-12-03]
series,Himachal Pradesh,enrolled,total,2017-18,4,20700,20712,0.1,20700,20712 [a342ecbe 2021-07-28]; 20712 [36b9567e 2022-02-25]; 20712 [d5a26bc1 2022-09-15]; 20700 [4de52cc2 2023-12-03]
series,Kerala,enrolled,total,2016-17,3,29695,29716,0.1,29714,29716 [799ec786 2019-09-12]; 29695 [d5a26bc1 2022-09-15]; 29714 [4de52cc2 2023-12-03]
series,Maharashtra,enrolled,total,2016-17,3,117070,117140,0.1,117070,117111 [799ec786 2019-09-12]; 117140 [d5a26bc1 2022-09-15]; 117070 [4de52cc2 2023-12-03]
series,Tamil Nadu,enrolled,total,2016-17,3,41193,41234,0.1,41193,41223 [799ec786 2019-09-12]; 41234 [d5a26bc1 2022-09-15]; 41193 [4de52cc2 2023-12-03]
series,Bihar,enrolled,total,2018-19,5,107549,107610,0.1,107610,107603 [a342ecbe 2021-07-28]; 107603 [36b9567e 2022-02-25]; 107603 [7ca95fc4 2022-07-29]; 107549 [d5a26bc1 2022-09-15]; 107610 [ba097f68 2023-11-18]
series,Gujarat,enrolled,total,2018-19,5,92010,92086,0.1,92086,92082 [a342ecbe 2021-07-28]; 92082 [36b9567e 2022-02-25]; 92082 [7ca95fc4 2022-07-29]; 92010 [d5a26bc1 2022-09-15]; 92086 [ba097f68 2023-11-18]
series,Karnataka,enrolled,total,2018-19,5,81822,81893,0.1,81893,81893 [a342ecbe 2021-07-28]; 81893 [36b9567e 2022-02-25]; 81893 [7ca95fc4 2022-07-29]; 81822 [d5a26bc1 2022-09-15]; 81893 [ba097f68 2023-11-18]
series,Madhya Pradesh,enrolled,total,2018-19,5,82616,82704,0.1,82704,82703 [a342ecbe 2021-07-28]; 82703 [36b9567e 2022-02-25]; 82703 [7ca95fc4 2022-07-29]; 82616 [d5a26bc1 2022-09-15]; 82704 [ba097f68 2023-11-18]
series,Telangana,enrolled,total,2018-19,5,36215,36242,0.1,36215,36242 [a342ecbe 2021-07-28]; 36242 [36b9567e 2022-02-25]; 36242 [7ca95fc4 2022-07-29]; 36215 [d5a26bc1 2022-09-15]; 36215 [ba097f68 2023-11-18]
series,Punjab,enrolled,total,2021-22,5,39946,39992,0.1,39992,39991 [ba097f68 2023-11-18]; 39946 [68e53cc1 2023-11-19]; 39992 [c123ed4d 2024-04-08]; 39992 [cfc747c8 2025-05-22]; 39992 [7cc46a5e 2025-08-11]
series,Uttarakhand,enrolled,total,2021-22,5,8906,8918,0.1,8918,8918 [ba097f68 2023-11-18]; 8906 [68e53cc1 2023-11-19]; 8918 [c123ed4d 2024-04-08]; 8918 [cfc747c8 2025-05-22]; 8918 [7cc46a5e 2025-08-11]
series,Andhra Pradesh,enrolled,total,2016-17,3,56516,56538,0.0,56516,56520 [799ec786 2019-09-12]; 56538 [d5a26bc1 2022-09-15]; 56516 [4de52cc2 2023-12-03]
series,Andhra Pradesh,enrolled,total,2017-18,4,52710,52736,0.0,52710,52736 [a342ecbe 2021-07-28]; 52736 [36b9567e 2022-02-25]; 52736 [d5a26bc1 2022-09-15]; 52710 [4de52cc2 2023-12-03]
series,Assam,enrolled,total,2016-17,3,2673,2674,0.0,2673,2674 [799ec786 2019-09-12]; 2673 [d5a26bc1 2022-09-15]; 2673 [4de52cc2 2023-12-03]
series,Assam,enrolled,total,2017-18,4,2696,2697,0.0,2696,2697 [a342ecbe 2021-07-28]; 2697 [36b9567e 2022-02-25]; 2696 [d5a26bc1 2022-09-15]; 2696 [4de52cc2 2023-12-03]
series,Gujarat,enrolled,total,2016-17,3,66255,66286,0.0,66255,66276 [799ec786 2019-09-12]; 66286 [d5a26bc1 2022-09-15]; 66255 [4de52cc2 2023-12-03]
series,Himachal Pradesh,enrolled,total,2016-17,3,21707,21715,0.0,21707,21711 [799ec786 2019-09-12]; 21715 [d5a26bc1 2022-09-15]; 21707 [4de52cc2 2023-12-03]
series,Karnataka,enrolled,total,2016-17,3,71354,71388,0.0,71354,71363 [799ec786 2019-09-12]; 71388 [d5a26bc1 2022-09-15]; 71354 [4de52cc2 2023-12-03]
series,Karnataka,enrolled,total,2017-18,4,72273,72275,0.0,72273,72275 [a342ecbe 2021-07-28]; 72275 [36b9567e 2022-02-25]; 72275 [d5a26bc1 2022-09-15]; 72273 [4de52cc2 2023-12-03]
series,Kerala,enrolled,total,2017-18,4,29611,29625,0.0,29624,29625 [a342ecbe 2021-07-28]; 29625 [36b9567e 2022-02-25]; 29611 [d5a26bc1 2022-09-15]; 29624 [4de52cc2 2023-12-03]
series,Maharashtra,enrolled,total,2017-18,4,118015,118050,0.0,118015,118050 [a342ecbe 2021-07-28]; 118050 [36b9567e 2022-02-25]; 118050 [d5a26bc1 2022-09-15]; 118015 [4de52cc2 2023-12-03]
series,Tamil Nadu,enrolled,total,2017-18,4,38430,38443,0.0,38430,38443 [a342ecbe 2021-07-28]; 38443 [36b9567e 2022-02-25]; 38443 [d5a26bc1 2022-09-15]; 38430 [4de52cc2 2023-12-03]
series,Telangana,enrolled,total,2016-17,3,36546,36564,0.0,36546,36556 [799ec786 2019-09-12]; 36564 [d5a26bc1 2022-09-15]; 36546 [4de52cc2 2023-12-03]
series,Uttar Pradesh,enrolled,total,2015-16,2,177131,177156,0.0,177131,177156 [799ec786 2019-09-12]; 177131 [4de52cc2 2023-12-03]
series,Uttarakhand,enrolled,total,2016-17,3,10718,10722,0.0,10718,10722 [799ec786 2019-09-12]; 10722 [d5a26bc1 2022-09-15]; 10718 [4de52cc2 2023-12-03]
series,Uttarakhand,enrolled,total,2017-18,4,10556,10558,0.0,10556,10558 [a342ecbe 2021-07-28]; 10558 [36b9567e 2022-02-25]; 10558 [d5a26bc1 2022-09-15]; 10556 [4de52cc2 2023-12-03]
series,West Bengal,enrolled,total,2017-18,4,28929,28933,0.0,28932,28933 [a342ecbe 2021-07-28]; 28933 [36b9567e 2022-02-25]; 28929 [d5a26bc1 2022-09-15]; 28932 [4de52cc2 2023-12-03]
series,Jharkhand,enrolled,total,2019-20,8,33459,33475,0.0,33463,33475 [a342ecbe 2021-07-28]; 33475 [36b9567e 2022-02-25]; 33475 [7ca95fc4 2022-07-29]; 33459 [d5a26bc1 2022-09-15]; 33463 [ba097f68 2023-11-18]; 33459 [68e53cc1 2023-11-19]; 33463 [c123ed4d 2024-04-08]; 33463 [cfc747c8 2025-05-22]
series,Andhra Pradesh,enrolled,total,2021-22,5,45600,45612,0.0,45612,45612 [ba097f68 2023-11-18]; 45600 [68e53cc1 2023-11-19]; 45612 [c123ed4d 2024-04-08]; 45612 [cfc747c8 2025-05-22]; 45612 [7cc46a5e 2025-08-11]
series,Andhra Pradesh,enrolled,total,2022-23,3,48108,48110,0.0,48110,48108 [c123ed4d 2024-04-08]; 48110 [cfc747c8 2025-05-22]; 48110 [7cc46a5e 2025-08-11]
series,Bihar,enrolled,total,2022-23,3,90354,90377,0.0,90377,90354 [c123ed4d 2024-04-08]; 90377 [cfc747c8 2025-05-22]; 90377 [7cc46a5e 2025-08-11]
series,Chhattisgarh,enrolled,total,2021-22,5,22319,22320,0.0,22320,22320 [ba097f68 2023-11-18]; 22319 [68e53cc1 2023-11-19]; 22320 [c123ed4d 2024-04-08]; 22320 [cfc747c8 2025-05-22]; 22320 [7cc46a5e 2025-08-11]
series,Delhi,enrolled,total,2021-22,5,8773,8774,0.0,8774,8774 [ba097f68 2023-11-18]; 8773 [68e53cc1 2023-11-19]; 8774 [c123ed4d 2024-04-08]; 8774 [cfc747c8 2025-05-22]; 8774 [7cc46a5e 2025-08-11]
series,Gujarat,enrolled,total,2021-22,5,81220,81236,0.0,81236,81236 [ba097f68 2023-11-18]; 81220 [68e53cc1 2023-11-19]; 81236 [c123ed4d 2024-04-08]; 81236 [cfc747c8 2025-05-22]; 81236 [7cc46a5e 2025-08-11]
series,Gujarat,enrolled,total,2022-23,3,84647,84648,0.0,84648,84647 [c123ed4d 2024-04-08]; 84648 [cfc747c8 2025-05-22]; 84648 [7cc46a5e 2025-08-11]
series,Haryana,enrolled,total,2022-23,3,45160,45161,0.0,45161,45160 [c123ed4d 2024-04-08]; 45161 [cfc747c8 2025-05-22]; 45161 [7cc46a5e 2025-08-11]
series,Maharashtra,enrolled,total,2021-22,5,112979,112997,0.0,112997,112997 [ba097f68 2023-11-18]; 112979 [68e53cc1 2023-11-19]; 112997 [c123ed4d 2024-04-08]; 112997 [cfc747c8 2025-05-22]; 112997 [7cc46a5e 2025-08-11]
series,Odisha,enrolled,total,2021-22,5,57373,57401,0.0,57401,57401 [ba097f68 2023-11-18]; 57373 [68e53cc1 2023-11-19]; 57401 [c123ed4d 2024-04-08]; 57401 [cfc747c8 2025-05-22]; 57401 [7cc46a5e 2025-08-11]
series,Rajasthan,enrolled,total,2022-23,3,99252,99263,0.0,99263,99252 [c123ed4d 2024-04-08]; 99263 [cfc747c8 2025-05-22]; 99263 [7cc46a5e 2025-08-11]
series,Telangana,enrolled,total,2021-22,5,27177,27183,0.0,27183,27183 [ba097f68 2023-11-18]; 27177 [68e53cc1 2023-11-19]; 27183 [c123ed4d 2024-04-08]; 27183 [cfc747c8 2025-05-22]; 27183 [7cc46a5e 2025-08-11]
series,All India,enrolled,total,2022-23,3,1250641,1250679,0.0,1250679,1250641 [c123ed4d 2024-04-08]; 1250679 [cfc747c8 2025-05-22]; 1250679 [7cc46a5e 2025-08-11]
series,All India,enrolled,total,2015-16,2,1102121,1102290,0.0,1102121,1102290 [799ec786 2019-09-12]; 1102121 [4de52cc2 2023-12-03]
