admission_year,enrolled,trained,assessed,passed,certified,note
2019,130323,130280,28268,9295,9292,
2020,324970,324970,,9843,9270,assessed not readable
2021,308330,308330,,27038,25468,assessed not readable
2022,939877,896434,,647047,636162,assessed not readable
2023,1447395,1337692,,1099435,1001632,assessed not readable
2024,1328065,906353,1200150,1103486,904093,
2025,1302346,309261,1208221,954206,306155,
2026,50482,50482,,0,0,
All years (as displayed),5831787,4263802,4423619,3850350,2892072,read 2026-10-07; last refreshed 07-10-2026
