resource_id,kind,status,rows_out,title,published,missing_columns,note,page
4de52cc2-0bf6-4072-8dcc-ae60d4d0fc5c,series,cached,108,"State-wise Details of Trainees, Admitted in Industrial Training Institutes (ITIs) Across the Country from 2015 to 2017 (From: Ministry of Skill Development and Entrepreneurship)",2023-12-03,,,https://www.data.gov.in/resource/4de52cc2-0bf6-4072-8dcc-ae60d4d0fc5c
d5a26bc1-6a98-4147-afd2-10e545e43af9,series,cached,190,State/UTs-wise Enrolled Candidates under Industrial Training Institutes (ITIs) from 2016 to 2020,2022-09-15,,,https://www.data.gov.in/resource/d5a26bc1-6a98-4147-afd2-10e545e43af9
a342ecbe-1bf7-41ee-bdd5-54a7d0c50e74,series,cached,111,State/UT-wise Number of Trainees Enrolled under ITIs from 2017 to 2019 (From: Ministry of Skill Development and Entrepreneurship),2021-07-28,,,https://www.data.gov.in/resource/a342ecbe-1bf7-41ee-bdd5-54a7d0c50e74
7ca95fc4-e255-4d18-b121-d288c0da6920,series,cached,111,State/UTs-wise Trainees Enrolled under Craftsman Training scheme (CTS) from 2018 to 2020,2022-07-29,,,https://www.data.gov.in/resource/7ca95fc4-e255-4d18-b121-d288c0da6920
36b9567e-6c21-405c-847f-fe1c876195c9,series,cached,111,State/UT-wise Enrolment in ITIs under CTS from 2017-18 to 2019-20 (From: Ministry of Skill Development and Entrepreneurship),2022-02-25,,,https://www.data.gov.in/resource/36b9567e-6c21-405c-847f-fe1c876195c9
c123ed4d-63db-4313-bc3f-2ecaa76413af,series,cached,144,State/UT-wise Enrolment of Trainees in ITIs under Craftsman Training Scheme (CTS) from 2019-20 to 2022-23,2024-04-08,,,https://www.data.gov.in/resource/c123ed4d-63db-4313-bc3f-2ecaa76413af
cfc747c8-dbb4-455f-81cf-bdcc244a592b,series,cached,180,State/UT-wise Number of Candidates Enrolled under Craftsman Training Scheme (CTS) from 2019-20 to 2023-24,2025-05-22,,,https://www.data.gov.in/resource/cfc747c8-dbb4-455f-81cf-bdcc244a592b
68e53cc1-7c22-41d4-ba71-9d84ba70e607,series,cached,111,State/UTs-wise Details of the Number of Youth Trained in Industrial Training Institutes (ITIs) under Craftsmen Training Scheme (CTS) from 2019  to 2021,2023-11-19,,,https://www.data.gov.in/resource/68e53cc1-7c22-41d4-ba71-9d84ba70e607
55d77373-f0de-46e3-b68b-5f3d3e074d35,series,cached,32,State/UT-wise Number of Students Enrolled in Industrial Training Institutes(ITIs) under Craftsmen Training Scheme(CTS) Scheme of North Eastern Region from 2019 to 2022,2024-03-22,,,https://www.data.gov.in/resource/55d77373-f0de-46e3-b68b-5f3d3e074d35
5e97937f-3ff3-4f7e-86e3-987e87d32dd3,series,cached,9,State-wise Enrolment of Trainees in Industrial Training Institutes (ITIs) from 2018 to 2020,2023-11-17,,,https://www.data.gov.in/resource/5e97937f-3ff3-4f7e-86e3-987e87d32dd3
ba097f68-3882-4c3f-bb75-1b1973285b8b,series,cached,190,State/UT-wise Training Data under Craftsmen Training Scheme (CTS) through Industrial Training Institutes (ITIs) from 2018 to 2022,2023-11-18,,,https://www.data.gov.in/resource/ba097f68-3882-4c3f-bb75-1b1973285b8b
799ec786-a14e-413f-a39b-ee27b1569679,series,cached,216,State/UT-wise Details of Trainees Enrolled/Trained under Craftsmen Training Scheme in ITIs from 2014 to 2016 (From: Ministry of Skill Development and Entrepreneurship),2019-09-12,,,https://www.data.gov.in/resource/799ec786-a14e-413f-a39b-ee27b1569679
0fec4669-0e92-473a-835f-f6616ce23c3f,series,cached,570,State/UTs-wise Number of Person Enrolled Industrial Training Institutes (ITIs) from 2018-19 to 2020-21,2023-11-17,,,https://www.data.gov.in/resource/0fec4669-0e92-473a-835f-f6616ce23c3f
89bce479-067c-48ee-966a-ac6f551995bc,series,cached,111,State/UTs- wise Students Learning in ITIs and the Existing Vacancies in Various Categories during 2020,2022-12-25,,,https://www.data.gov.in/resource/89bce479-067c-48ee-966a-ac6f551995bc
7cc46a5e-4210-4160-a64f-acbfcc789be0,series,cached,111,State/UT-wise Number of Candidates Trained under Craftsmen Training Scheme (CTS) Scheme from 2021-22 to 2023-24,2025-08-11,,,https://www.data.gov.in/resource/7cc46a5e-4210-4160-a64f-acbfcc789be0
62036996-b17e-4e54-b5c8-007738ccc4b7,series,cached,234,State/UTs-wise Male/Female Candidates Trained under Craftsman Training Scheme (CTS) Scheme from 2019 to 2021,2023-11-19,,,https://www.data.gov.in/resource/62036996-b17e-4e54-b5c8-007738ccc4b7
c23ae710-1458-4c0f-a3ed-4ef3286f8777,series,cached,185,State/UT-wise Trainees Trained through ITIs from 2014-15 to 2018-19 (From: Ministry of Skill Development and Entrepreneurship),2021-03-04,,,https://www.data.gov.in/resource/c23ae710-1458-4c0f-a3ed-4ef3286f8777
1ac18fe2-1537-438e-82e4-7e9338e08a07,series,cached,185,State/UT-wise Total Trainee Traind and Percentage of Female Trainees Trained under Craftsmen Training Scheme from 2014-15 to 2018-19 (From: Ministry of Women and Child Development),2021-03-04,,,https://www.data.gov.in/resource/1ac18fe2-1537-438e-82e4-7e9338e08a07
dd020189-3d18-40f4-86a3-51a014d8d8ac,series,cached,185,"State/UT-wise Percentage of Female, SC and ST Trainees Trained under Craftsmen Training Scheme from 2014-15 to 2018-19 (From : Ministry of Skill Development and Entrepreneurship)",2020-01-14,,,https://www.data.gov.in/resource/dd020189-3d18-40f4-86a3-51a014d8d8ac
51c8e446-0677-4dd4-97bd-64c009cb4794,series,cached,111,State/UTs-wise Industrial Training Institutes (ITI) Running Exclusively for Women and Number of Women Trained in those Centres from 2019 to 2021,2023-11-19,,,https://www.data.gov.in/resource/51c8e446-0677-4dd4-97bd-64c009cb4794
1b355466-49c3-472f-a89e-b2820f409cc4,snapshot,cached,216,Details of ITIs with seating capacities in various states/uts as on 23.06.2015 (From :Ministry of Rural Development),2023-10-21,,,https://www.data.gov.in/resource/1b355466-49c3-472f-a89e-b2820f409cc4
2e56e75f-eb35-4284-ab27-014c2ce45195,snapshot,cached,222,State/UT-wise Matrix for Number of Industrial Training Institutes (ITIs) with seating capacities as on April 2016 (From: Ministry of Skill Development and Entrepreneurship),2017-06-09,,,https://www.data.gov.in/resource/2e56e75f-eb35-4284-ab27-014c2ce45195
04dab8e6-592d-44b0-887f-9950cbce4e23,snapshot,cached,222,State/ UT-wise Matrix for Number of ITIs with seating Capacities (in reply to Unstarred Question on 28-7-2016) (Ministry of Skill Development and Entrepreneurship ),2023-12-06,,,https://www.data.gov.in/resource/04dab8e6-592d-44b0-887f-9950cbce4e23
7a16313d-c4aa-4d58-aa8d-8b20d95f2dcc,snapshot,cached,37,State wise number of itis (in reply to unstarred question on 01-12-2016)(From:Ministry of Skill Development & Entrepreneurship),2023-10-20,,,https://www.data.gov.in/resource/7a16313d-c4aa-4d58-aa8d-8b20d95f2dcc
c72013bf-6edb-4ff6-8f5d-28eb423e12e4,snapshot,cached,74,State/ UT-wise Details of Industrial Training Institutes ( ITIs) (in reply to Unstarred Question for 09-02-2017) (From: Ministry of Skill Development and Entrepreneurship ),2023-12-03,,,https://www.data.gov.in/resource/c72013bf-6edb-4ff6-8f5d-28eb423e12e4
0a348746-d4a8-4f27-8dd8-b10cea46c3d2,snapshot,cached,74,"State/ UT-wise Details of ITIs Admitting Trainees, Affiliated to NCVT (in reply to Unstarred Question for 09-03-2017) (From: Ministry of Skill Development and Entrepreneurship )",2023-01-11,,"ITIs admitting trainees, NCVT-affiliated",https://www.data.gov.in/resource/0a348746-d4a8-4f27-8dd8-b10cea46c3d2
354dfda5-50a2-43e5-bad5-5132b6f6ea47,snapshot,cached,111,State/ UT-wise Detail of Seating Capacity with Number of Instructors Required in ITIs as on 23/3/2017 (From: Ministry of Skill Development and Entrepreneurship ),2023-12-03,,,https://www.data.gov.in/resource/354dfda5-50a2-43e5-bad5-5132b6f6ea47
f96fb075-36e3-4f6c-a0cf-ab9e9cab1ef5,snapshot,cached,111,State/ UT-wise Details of Government and Private ITIs (in reply to Unstarred Question for 03-08-2017 (From: Ministry of Skill Development and Entrepreneurship ),2023-12-14,,,https://www.data.gov.in/resource/f96fb075-36e3-4f6c-a0cf-ab9e9cab1ef5
36d04fdc-b804-4a74-858c-ef77f176f516,snapshot,cached,74,State/ UT-wise New Seats created in Existing courses under National Council for Vocational Training (NCVT) Including Rajasthan State (in reply to Starred Question for 06-04-2017) (From: Ministry of Skill Development and Entrepreneurship ),2023-01-11,,,https://www.data.gov.in/resource/36d04fdc-b804-4a74-858c-ef77f176f516
63d81eb9-28f3-49b8-937f-460388ed3194,snapshot,cached,37,State/UT-wise Details of Industrial Training Institute (ITI) operating in the country as on 28.12.2018 (From : Ministry of Skill Development and Entrepreneurship),2023-12-05,,,https://www.data.gov.in/resource/63d81eb9-28f3-49b8-937f-460388ed3194
f6e88ccd-ea62-4288-9c04-6ee538e965f6,snapshot,cached,37,State/UT-wise Number Affiliated Industrial Training Institutes (ITIs) as on 01.01.2021 (From: Ministry of Skill Development and Entrepreneurship),2021-11-23,,,https://www.data.gov.in/resource/f6e88ccd-ea62-4288-9c04-6ee538e965f6
117f6967-4b9e-40ce-ae40-d5b8877d1f2f,snapshot,cached,36,"State/UT-wise Number of Empanelled TCs under PMKVY 2.0, JSSs and ITIs (in reply to Unstarred Question on 12 February, 2021) (From: Ministry of Skill Development and Entrepreneurship)",2022-02-25,,,https://www.data.gov.in/resource/117f6967-4b9e-40ce-ae40-d5b8877d1f2f
597f89f5-350e-40b0-a895-4bf7b00f0944,snapshot,cached,117,State/UT-wise Number Government and Private ITIs as on 13th July 2021,2022-04-01,,,https://www.data.gov.in/resource/597f89f5-350e-40b0-a895-4bf7b00f0944
0955ba2f-3be6-4cf0-a608-434409fd6f21,snapshot,cached,111,"State/UTs-wise Industrial Training Institutes (ITIs) functioning in the country under Craftsman Training scheme (CTS) (in reply to Unstarred Question on 15 December, 2021)",2022-07-22,,,https://www.data.gov.in/resource/0955ba2f-3be6-4cf0-a608-434409fd6f21
288d7261-4c8c-4867-8041-abfe6c55e64a,snapshot,cached,74,State/UTs-wise Centre under Jan Sikhshan Sansthan (JSS) National Apprenticeship Promotion Scheme (NAPs) and Industrial Training Institutes (ITIs) Place as on 31 December 2021,2023-11-17,,,https://www.data.gov.in/resource/288d7261-4c8c-4867-8041-abfe6c55e64a
b81f053c-5668-4e13-92cc-7bebe85ceeb5,snapshot,cached,37,"State/UTs-wise Number of Industrial Training Institutes (ITIs) under Craftsman Training Scheme (CTS) and Training Centre under Pradhan Mantri Kaushal Vikas Yojana (PMKVY) (in reply to Unstarred Question on 9 February, 2022)",2023-11-17,,,https://www.data.gov.in/resource/b81f053c-5668-4e13-92cc-7bebe85ceeb5
8da0d40b-6a9e-449e-b8cd-e803244ee418,snapshot,cached,111,"State/UTs-wise Total Number of Industrial Training Institutes (ITIs) run under Craftsmen Training Scheme (CTS) (in reply to Unstarred Question on 6 April, 2022)",2023-11-16,,,https://www.data.gov.in/resource/8da0d40b-6a9e-449e-b8cd-e803244ee418
8310287f-fc77-45b5-bf09-6aca4c067ea2,snapshot,cached,36,"State/UTs-wise Number of Training Centres set-up under PMKVY, JSS, NAPS and ITIs as on 30.06.2022",2023-01-12,,,https://www.data.gov.in/resource/8310287f-fc77-45b5-bf09-6aca4c067ea2
4908bd73-3942-4498-b1d4-e132838d0793,snapshot,cached,74,"State/UTs-wise Details of Centres Institutes under Jan Shikshan Sansthan (JSS), National Apprenticeship Promotion Scheme (NAPS) and Industrial Training Institutes (ITI) Placed as on 30 June 2022",2023-01-10,,,https://www.data.gov.in/resource/4908bd73-3942-4498-b1d4-e132838d0793
29b6c84e-4b08-4d61-a3e5-c6acce749ce9,snapshot,cached,111,"State/UT-wise Number of Skill Development Centres under Jan Shikshan Sansthan (JSS), National Apprenticeship Promotion Scheme (NAPS), and Industrial Training Institutes (ITIs) as on 30.09.2022",2023-11-18,,,https://www.data.gov.in/resource/29b6c84e-4b08-4d61-a3e5-c6acce749ce9
2af9602e-db00-49db-ba25-a1823a13384c,snapshot,cached,74,"State/UT-wise Number of Skill Development Centers/facilities under PMKVY, JSS, NAPS, and ITIs as on 31-03-2023",2024-03-22,,,https://www.data.gov.in/resource/2af9602e-db00-49db-ba25-a1823a13384c
2c87a4b3-f9d5-4b23-bb09-927855bbe555,snapshot,cached,74,"State/ UT-wise Number of Skill Development Centers under PMKVY, JSS, NAPS, and ITIs as on 31-12-2023",2024-05-08,,,https://www.data.gov.in/resource/2c87a4b3-f9d5-4b23-bb09-927855bbe555
943c6962-2001-45d1-9a24-5a1668eb9c89,snapshot,cached,108,"State/UT-wise Number of NSTIs exclusively for Women, Total ITIs and Women ITIs as on 30-06-2024",2024-10-24,,,https://www.data.gov.in/resource/943c6962-2001-45d1-9a24-5a1668eb9c89
605183f9-4387-4735-a6ec-ebd7f4298c49,snapshot,cached,36,"State/UT-wise Number of Training Centres under PMKVY, JSS, NAPS, and ITIs as on 31-10-2024",2025-05-22,,,https://www.data.gov.in/resource/605183f9-4387-4735-a6ec-ebd7f4298c49
810a4879-18f0-451a-a060-a68e93d41a70,other,cached,324,State/ UT-wise Statement showing Increase in Government and Private Industrial Training Institutes (ITIs) during 2014-15 to 2016-17 (From: Ministry of Skill Development and Entrepreneurship ),2023-12-14,,,https://www.data.gov.in/resource/810a4879-18f0-451a-a060-a68e93d41a70
9b00bdb5-e106-4f86-94e6-6e0629d43aa2,other,cached,111,State/UTs-wise Industrial Training Institutes (ITIs) opened by Government in the country under Craftsman Training Scheme (CTS) in from 2018 to 2020,2022-07-11,,,https://www.data.gov.in/resource/9b00bdb5-e106-4f86-94e6-6e0629d43aa2
f65d0a51-905e-4f19-b95a-81a2a9384fca,other,cached,13,State-wise New Industrial Training Institutes (ITIs) Affiliated in the Country during 2020-21 and 2021-22,2022-06-28,,,https://www.data.gov.in/resource/f65d0a51-905e-4f19-b95a-81a2a9384fca
6a772839-2804-4247-b097-b97f55f47d13,other,cached,74,"State/UTs-wise Industrial Training Institutes (ITIs) set-up in Private and Public Sector in the Country under CTS during the last three years (in reply to Unstarred Question on 9 February, 2022)",2023-11-17,,,https://www.data.gov.in/resource/6a772839-2804-4247-b097-b97f55f47d13
0d076054-30c2-49d1-99f1-1262d9dd544c,other,cached,62,"State/UT-wise DGT Granted Affiliation for Third Shift in Industrial Training Institutes (ITIs), as per the Working Hours Decided by respective State Directors from 2017 to 2019 (From: Ministry of Skill Development and Entrepreneurship)",2022-02-25,,,https://www.data.gov.in/resource/0d076054-30c2-49d1-99f1-1262d9dd544c
321a9674-4bc2-45cf-a84e-a7ac313db3ed,other,cached,37,State/UT-wise Number of Persons Trained in Industrial Training Institutes (ITIs) from 2015 to 2018 (From : Ministry of Skill Development and Entrepreneurship),2023-10-20,,,https://www.data.gov.in/resource/321a9674-4bc2-45cf-a84e-a7ac313db3ed
87289d07-80fa-4a51-a7a0-433b87cd0c36,other,cached,37,State/UTs-wise Candidates Trained under Craftsmen Training Scheme as on 30.10.2022,2023-11-19,,,https://www.data.gov.in/resource/87289d07-80fa-4a51-a7a0-433b87cd0c36
a9346fe0-d3da-4802-8bf9-5e042a431f01,other,cached,37,"State/UT-wise Number of Candidates Trained under Pradhan Mantri Kaushal Vikas Yojana (PMKVY), Jan Shikshan Sansthan Scheme (JSS), NAPS and CTS (ITIs) including State of Punjab from 2015-16 to 2023-24",2024-10-24,,,https://www.data.gov.in/resource/a9346fe0-d3da-4802-8bf9-5e042a431f01
c482cf64-7add-45d0-89b9-0b10b859adf5,other,cached,37,State/UT-wise Women Trained under the ITIs during 2014-18 (From: Ministry of Skill Development and Entrepreneurship),2020-10-16,,,https://www.data.gov.in/resource/c482cf64-7add-45d0-89b9-0b10b859adf5
b38ea205-d4f2-4410-83c2-9a868e545037,other,cached,36,"State/UTs-wise Number of Students Enrolled/ Trained under PMKVY, JSS, NAPS and ITIs from 2017-18 to 2021-22",2023-01-10,,,https://www.data.gov.in/resource/b38ea205-d4f2-4410-83c2-9a868e545037
1b29067a-f08a-41fe-88dc-b5aa5d7cb68b,other,cached,21,State-wise Number of National Skill Training Institutes (NSTI)/Industrial Training Institutes (ITIs) Trainees Imparted Training under STRIVE Project from 2022 to 2024,2024-11-02,,,https://www.data.gov.in/resource/1b29067a-f08a-41fe-88dc-b5aa5d7cb68b
