resource_id,title,publisher,api,page
550cedcb-7442-4fdf-8e6d-4c43f0fb9b77,Colleges for General Education Students and Teachers for ITI Collage in Ramanathapuram District : DHB 2017-18,Tamil Nadu,0,https://www.data.gov.in/resource/colleges-general-education-students-and-teachers-iti-collage-ramanathapuram-district-dhb
0bd90ba2-c268-40a3-af0e-bdb74b11868c,"State-wise Total Number of Industrial Training Institutes (ITIs) (one ITI per district) and Skill Development Centers (SDCs) (in reply to Unstarred Question on 21 December, 2022)",Rajya Sabha,1,https://www.data.gov.in/resource/state-wise-total-number-industrial-training-institutes-itis-one-iti-district-and-skill
1144a2f5-7045-4015-88bb-a651e5b59e0e,"State/UT-wise Number of Training Centres Offering New-age and Future-skills Courses under PMKVY, NAPS and ITI (Reply to Starred Question as on 11 March 2026)",Rajya Sabha,1,https://www.data.gov.in/resource/stateut-wise-number-training-centres-offering-new-age-and-future-skills-courses-under
baa451ce-0637-464c-adbe-0e56d466b3c0,"State/UTs-wise ITIs Established (in reply to Unstarred Question on 22 December, 2021)",Rajya Sabha,1,https://www.data.gov.in/resource/stateuts-wise-itis-established-reply-unstarred-question-22-december-2021
5eb4f5c9-5347-477a-8e05-b65818b416bd,ITIs into Model ITIs from 2016-17 to 2019-20 (From: Ministry of Skill Development and Entrepreneurship),Rajya Sabha,1,https://www.data.gov.in/resource/stateut-wise-fund-released-under-upgradation-existing-govt-itis-model-itis-2016-17-2019-20
775576c6-04dc-4c66-9790-fed9d9b03009,"Sector-wise Detail of Industrial Training Institutes (ITIs) (in reply to Unstarred Question on 9 February, 2022)",Rajya Sabha,1,https://www.data.gov.in/resource/sector-wise-detail-industrial-training-institutes-itis-reply-unstarred-question-9-february
d3b6e965-b7df-4045-98e9-870b6c6f7bbd,Industrial Training Institutes (ITIs) under the Scheme Skill Development in 48 Districts Affected by Left-Wing Extremism as on 01-03-2023,Rajya Sabha,1,https://www.data.gov.in/resource/state-wise-status-fund-released-govt-industrial-training-institutes-itis-under-scheme
ae47aa45-c893-4a1f-bac5-f8677f1cb640,State-wise Number of Courses Offered in Industrial Training Institutes (ITIs) (in reply to Unstarred Question as on 25th March 2026),Rajya Sabha,0,https://www.data.gov.in/resource/state-wise-number-courses-offered-industrial-training-institutes-itis-reply-unstarred
982df24f-7a0d-418e-b0ff-cabc8971c444,Trade-wise Trainees Enrolled in ITIs under Various Trades of Tourism and Hospitality Sector (in reply to Unstarred Question on 06.02.2019) (From : Ministry of Skill Development and Entrepreneurship),Rajya Sabha,1,https://www.data.gov.in/resource/trade-wise-trainees-enrolled-itis-under-various-trades-tourism-and-hospitality-sector
036f7666-8e82-4f93-bd1d-809a1de82d67,"Category-wise Number of Training Women, OBC, SC, ST and PWD Category Candidates under Pradhan Mantri Kaushal Vikas Yojana (PMKVY), Jan Sikhshan Sansthan (JSS), NAPS and CTS (ITIs) Scheme from 2021-22 to 2023-24",Rajya Sabha,1,https://www.data.gov.in/resource/category-wise-number-training-women-obc-sc-st-and-pwd-category-candidates-under-pradhan
30a12010-56e5-4465-912c-a8289c3c8f08,"District-wise Details of the Government and Private ITIs (Industrial Training Institutes) Functioning under the Craftsman Training Scheme (CTS) in Karnataka State (in Reply to Unstarred Question on 07 December, 2022)",Rajya Sabha,1,https://www.data.gov.in/resource/district-wise-details-government-and-private-itis-industrial-training-institutes
6651624c-c1bf-4871-aa01-343acea2ae72,State/UT-wise Upgradation of Government ITIs into Model ITIs from 2014-15 to 2017-18 (From: Ministry of Skill Development and Entrepreneurship),Rajya Sabha,1,https://www.data.gov.in/resource/stateut-wise-upgradation-government-itis-model-itis-2014-15-2017-18-ministry-skill
75be5fd9-6a13-4d0b-8e1a-dde5c705e748,State/UT-wise Details of Fund Released under the Scheme Upgradation of Existing Government ITIs into Model ITIs from 2019-20 to 2023-24,Rajya Sabha,1,https://www.data.gov.in/resource/stateut-wise-details-fund-released-under-scheme-upgradation-existing-government-itis-model
54925155-0ac2-4288-a056-02b121eb6dbb,Releases to the state government under the scheme upgradation of government ITIs into model ITIs during 2014-15 & 2015-16(From:Ministry of Skill Development & Entrepreneurship),Rajya Sabha,1,https://www.data.gov.in/resource/releases-state-government-under-scheme-upgradation-government-itis-model-itis-during-2014
f46998aa-4f09-4669-b305-fd0620294ea2,"State-wise Details of Industrial Training Institutes (ITIs) are Teaching Artificial Intelligence (AI) Industrial Training Institutes (ITIs) across Country (in Reply to Unstarred Question on 08 February, 2023)",Rajya Sabha,1,https://www.data.gov.in/resource/state-wise-details-industrial-training-institutes-itis-are-teaching-artificial
ab9b9d66-437b-44c1-8c4e-bf67c4b41d8a,The Details of Funds Releases to the State Government under the scheme 'Upgradation of Government ITIs into Model ITIs' during 2014-15 to 2016-17 (From: Ministry of Skill Development and Entrepreneurship ),Rajya Sabha,1,https://www.data.gov.in/resource/details-funds-releases-state-government-under-scheme-upgradation-government-itis-model
d3362d3f-0560-4849-9ba0-317e0c579f3b,Institute wise Short Term Training Programs in Government of Maharashtra ITIs during 2025-26,Maharashtra,0,https://www.data.gov.in/resource/institute-wise-short-term-training-programs-government-maharashtra-itis-during-2025-26
e7fea29f-680a-4a4e-b624-d58d0c64eb1d,State/ UT-wise Details of the Funds under the Scheme Titled 'Upgradation of Government ITIs into Model Industrial Training Institutes (ITIs)' as on 10-02-2017 (From: Ministry of Skill Development and Entrepreneurship ),Rajya Sabha,1,https://www.data.gov.in/resource/state-ut-wise-details-funds-under-scheme-titled-upgradation-government-itis-model
f08f7c86-d521-4a8c-90ec-bd790bc1d307,"State/UT-wise Details of the Fund Allocated and Released under the Upgradation of existing Government ITIs (Industrial Training Institutes) into Model ITIs Scheme (in Reply to Unstarred Question on 29 March, 2023)",Rajya Sabha,1,https://www.data.gov.in/resource/stateut-wise-details-fund-allocated-and-released-under-upgradation-existing-government
3e24fb77-69f8-4380-b94a-7de7cda4b501,State-wise Fund Allocated for Industrial Training Institutes (ITIs) from 2019-20 to 2021-22,Rajya Sabha,1,https://www.data.gov.in/resource/state-wise-fund-allocated-industrial-training-institutes-itis-2019-20-2021-22
7fb406e0-78c7-468e-88df-82458109ac82,State/UTs-wise Trainees Enrolled under Craftsmen Training Scheme in ITIs from 2018 to 2020,Rajya Sabha,0,https://www.data.gov.in/resource/stateuts-wise-trainees-enrolled-under-craftsmen-training-scheme-itis-2018-2020
c7e3b948-c078-44ac-b8f9-c3950a2628c5,State/ UT-wise Number of Government ITIs Covered under the Scheme of Up-gradation of 1396 Government ITIs through Public Private Partnership (PPP) (in reply to Unstarred Question for 06-04-2017)(From: Ministry of Skill Development and Entrepreneurship ),Rajya Sabha,1,https://www.data.gov.in/resource/state-ut-wise-number-government-itis-covered-under-scheme-gradation-1396-government-itis
bdd36e72-4694-455f-82ec-9e5726b43247,State/UTs-wise Candidates Enrolled under Craftsman Training Scheme (CTS) and Industrial Training Institutes (ITIs) from 2017 to 2021,Rajya Sabha,1,https://www.data.gov.in/resource/stateuts-wise-candidates-enrolled-under-craftsman-training-scheme-cts-and-industrial
3262aef2-06c3-4f51-8f97-92af0a1eb916,State-wise details of ITIs to be established and fund released for the purpose (From: Ministry of Skill Development And Entrepreneurship),Rajya Sabha,1,https://www.data.gov.in/resource/state-wise-details-itis-be-established-and-fund-released-purpose-ministry-skill
941bc8b4-70c9-47a8-9350-5721ac1c4414,State-wise Government Industrial Training Institutes (ITIs) Granted Affilication during 2013-15 to 2016-17 (From: Ministry of Skill Development and Entrepreneurship ),Rajya Sabha,1,https://www.data.gov.in/resource/state-wise-government-industrial-training-institutes-itis-granted-affilication-during-2013
63834b44-0ce5-4404-a12b-91a085a6ece9,ITIs set up under scheme Enhancing Skill Development Infrastructure in North Eastern States and Sikkim in 2015 (From :Ministry of Rural Development),Rajya Sabha,0,https://www.data.gov.in/resource/itis-set-under-scheme-enhancing-skill-development-infrastructure-north-eastern-states-and
902bdd25-610f-4a94-92e8-650c8d576abb,District-wise Youth Trained under Skills Strengthening for Industrial Value Enhancement (STRIVE) Industrial Training Institutes (ITIs) from 2019-20 to 2020-21,Rajya Sabha,1,https://www.data.gov.in/resource/district-wise-youth-trained-under-skills-strengthening-industrial-value-enhancement-strive
a1445983-4935-4605-835e-14f7f328f75b,"Institute-wise List of Govt., Institute for Training of Trainers (IToTs Converted from Industrial Training Institutes (ITIs) in the state of Odisha during 2022",Rajya Sabha,1,https://www.data.gov.in/resource/institute-wise-list-govt-institute-training-trainers-itots-converted-industrial-training
709135f5-1c8f-43d8-994e-4fae96150b02,Details of number & percentage of unemployed youth & number of ITIs with seating capacities in North East region (From: Ministry of Skill Development and Entrepreneurship),Rajya Sabha,1,https://www.data.gov.in/resource/details-number-percentage-unemployed-youth-number-itis-seating-capacities-north-east
bed48f33-054a-4961-aa0a-11d1a67629f6,ITIs and SDCs set up under the scheme Skill Development in 34 Districts affected by Left wing Extremism in 2015 (From :Ministry of Rural Development),Rajya Sabha,1,https://www.data.gov.in/resource/itis-and-sdcs-set-under-scheme-skill-development-34-districts-affected-left-wing-extremism
156fcb9a-7221-4ce2-b913-6ba888c3e09f,ITIs proposed to be set up under scheme Enhancing Skill Development Infrastructure in North Eastern States and Sikkim in 2015 (From :Ministry of Rural Development),Rajya Sabha,1,https://www.data.gov.in/resource/itis-proposed-be-set-under-scheme-enhancing-skill-development-infrastructure-north-eastern
260afcda-6333-486c-a1f7-715b1b7c41cd,"District-wise Number of Affiliated ITIs and Trainees in State of Rajasthan and West Bengal, as on 30.11.2019 (From: Ministry of Skill Development and Entrepreneurship)",Rajya Sabha,1,https://www.data.gov.in/resource/district-wise-number-affiliated-itis-and-trainees-state-rajasthan-and-west-bengal-30112019
f1ede2cf-d66a-4b40-9355-12c06a3bad19,"Scheme-wise Details of the Women Candidates trained under PMKVY, JSS, NAPS, and CTS (ITIs) (in reply to Starred Question as on 04 February 2026)",Rajya Sabha,0,https://www.data.gov.in/resource/scheme-wise-details-women-candidates-trained-under-pmkvy-jss-naps-and-cts-itis-reply
aeb05137-56d4-4f6c-999e-c854fb49da60,State Wise List of ITIs covered under the scheme Enhancing Skill Development Infrastructure in NE States & Sikkim in 2013 (From :Ministry of Skill Development And Entrepreneurship),Rajya Sabha,1,https://www.data.gov.in/resource/state-wise-list-itis-covered-under-scheme-enhancing-skill-development-infrastructure-ne
14368c60-0166-4cbd-8294-e9e278f19c3d,Details of Trainees Enrolled and Trained under Craftsmen Training Scheme Implemented by ITIs from 2014-15 to 2018-19 (From : Ministry of Skill Development and Entrepreneurship),Rajya Sabha,1,https://www.data.gov.in/resource/details-trainees-enrolled-and-trained-under-craftsmen-training-scheme-implemented-itis
c23d2c1b-3a79-4619-bff5-714230a07036,"Scheme-wise Number of Women Trained PMKVY, JSS, CTS through ITIs and NAPS under various MSDE Schemes (in reply to Unstarred Question on 16 March, 2022)",Rajya Sabha,1,https://www.data.gov.in/resource/scheme-wise-number-women-trained-pmkvy-jss-cts-through-itis-and-naps-under-various-msde
302fed03-6499-4e6d-b5b1-c26ddc6cdbcd,"District-wise Details of the Industrial Training Institutes (ITIs) functioning under Craftsmen Training Scheme (CTS) in Punjab State (in Reply to Unstarred Question on 07 December, 2022)",Rajya Sabha,1,https://www.data.gov.in/resource/district-wise-details-industrial-training-institutes-itis-functioning-under-craftsmen
3b9b1b77-4653-48f4-8e24-50dc13f428a6,Funds Provided to the States for Establishment of ITIs/SDCs in 47/34 LWE affected districts (in reply to Unstarred Question on 25.07.2018) (From : Ministry of Home Affairs),Rajya Sabha,1,https://www.data.gov.in/resource/funds-provided-states-establishment-itissdcs-4734-lwe-affected-districts-reply-unstarred
b284105c-f3fa-417c-9945-e3bee82a234c,"State/UTs-wise Industrial Training Institutes and Industry Clusters (ITIs and Ics) Participating in the Scheme with Fund Released (in reply to Unstarred Question on 23 March, 2022)",Rajya Sabha,1,https://www.data.gov.in/resource/stateuts-wise-industrial-training-institutes-and-industry-clusters-itis-and-ics
4d6dcbc7-05c7-4225-8817-c8c75126cfba,"State-wise Number of Training Centres under PMKVY Centres, JSS Centres, NAPS Establishments and ITIs (Govt and Pvt) (in reply to Unstarred Question as on 04 February 2026)",Rajya Sabha,0,https://www.data.gov.in/resource/state-wise-number-training-centres-under-pmkvy-centres-jss-centres-naps-establishments-and
dea33e0d-10b1-4af5-a65a-1e2bcf33beb8,"District-wise Number of Skill Development Centers functioning under PMKVY, JSS, National Apprenticeship Promotion Scheme (NAPS), and ITIs in Chhattisgarh (In Reply to Starred Question on 06 -12-2023)",Rajya Sabha,1,https://www.data.gov.in/resource/district-wise-number-skill-development-centers-functioning-under-pmkvy-jss-national
b87bf720-05fe-49bc-ae4e-d3a1eaf1135c,"District-wise Number of Youth Trained under under Pradhan Mantri Kaushal Vikas Yojana (PMKVY), Jan Sikhshan Sansthan (JSS), NAPS and CTS (ITIs) Scheme in Gujarat from 2021-22 to 2023-24",Rajya Sabha,1,https://www.data.gov.in/resource/district-wise-number-youth-trained-under-under-pradhan-mantri-kaushal-vikas-yojana-pmkvy
87454102-951d-4ee5-bf8d-c57ce0586528,"District-wise Number of Youth Trained under Pradhan Mantri Kaushal Vikas Yojana (PMKVY), Jan Sikhshan Sansthan (JSS), NAPS and CTS (ITIs) Scheme in Andhra Pradesh from 2021-22 to 2023-24",Rajya Sabha,1,https://www.data.gov.in/resource/district-wise-number-youth-trained-under-pradhan-mantri-kaushal-vikas-yojana-pmkvy-jan
85a1d307-d67d-4281-9c82-c8193a7a398f,"District-wise Details of the Financial Allocation and Funds Released to the ITIs covered under STRIVE Project from the State of Punjab (in Reply to Unstarred Question on 29 March, 2023)",Rajya Sabha,1,https://www.data.gov.in/resource/district-wise-details-financial-allocation-and-funds-released-itis-covered-under-strive
62456a67-1050-4fb2-b5f5-a0dd84d66de9,State/ UT-wise Financial Progress under the Scheme of Upgradation of 1396 Government ITIs through PPP (in reply to Unstarred Question for 03-08-2017 (From: Ministry of Skill Development and Entrepreneurship ),Rajya Sabha,1,https://www.data.gov.in/resource/state-ut-wise-financial-progress-under-scheme-upgradation-1396-government-itis-through-ppp
774af106-92d4-4d82-a68b-99e7d80a926a,"State-wise Details of the Fund Allocated and Released to ITIs (Industrial Training Institutes) under Enhancing Skill Development in NE (North Eastern) States Scheme (in Reply to Unstarred Question on 29 March, 2023)",Rajya Sabha,1,https://www.data.gov.in/resource/state-wise-details-fund-allocated-and-released-itis-industrial-training-institutes-under
2d6070cf-f8f8-4768-bf60-2ce4097f1a36,State-wise Financial Progress under the Scheme of 'Up-gradation of 1396 ITIs through Public Private Partnership (PPP)' (in reply to Unstarred Question for 09-03-2017) (From: Ministry of Skill Development and Entrepreneurship ),Rajya Sabha,1,https://www.data.gov.in/resource/state-wise-financial-progress-under-scheme-gradation-1396-itis-through-public-private
510ce318-fd06-42a6-a1f7-f53f6e8d96a5,"Scheme-wise Details of the Skill Development Institutes being run by Public and Private Sector in the Country and Number of Youth Trained under PMKVY, JSS, NAPS (National Apprenticeship Promotion Scheme) and ITIs from 2015-16 to 30-09-2022",Rajya Sabha,1,https://www.data.gov.in/resource/scheme-wise-details-skill-development-institutes-being-run-public-and-private-sector
97269b75-631a-49b9-a47d-99ab41fe0e3f,District-wise Number of Industrial training institutes in Punjab from 1970 to 2022 (as on 30th September),Punjab,0,https://www.data.gov.in/resource/district-wise-number-industrial-training-institutes-punjab-1970-2022-30th-september
4720b5d1-8d43-40db-b980-dd7ff82ecc1c,Industrial Training Institutes (Govt. and Private) in various States during last one year (From: Ministry of Skill Development And Entrepreneurship),Rajya Sabha,1,https://www.data.gov.in/resource/industrial-training-institutes-govt-and-private-various-states-during-last-one-year
71703673-0b83-4d89-832b-5e08461348cb,District-wise Number of actual intake in Industrial training institutes in Punjab from 1970 to 2017 (as on 30th september),Punjab,0,https://www.data.gov.in/resource/district-wise-number-actual-intake-industrial-training-institutes-punjab-1970-2017-30th
00ababb9-da1f-463d-bcdf-e354fcdf5047,"Scheme-wise Number of Candidates Skilled/Trained under PMKVY, Jan Shikshan Sansthan, National Apprenticeship Promotion Scheme and Industrial Training Institutes/Craftsmen Training Scheme from 2017-18 to 2021-22",Rajya Sabha,1,https://www.data.gov.in/resource/scheme-wise-number-candidates-skilledtrained-under-pmkvy-jan-shikshan-sansthan-national
6a28815e-5c9e-4be3-a3e5-e4f0aebb4cf6,State-wise Detail of Trades Running in National Skill Training Institutes (NSTIs) under Craftsmen Training Scheme (CTS) with Intake Capacity during 2024-25,Rajya Sabha,1,https://www.data.gov.in/resource/state-wise-detail-trades-running-national-skill-training-institutes-nstis-under-craftsmen
17ca1659-efd1-4e2a-af9f-e14961a0e8f8,District-wise List of National Skill Training Institutes and Institute for Training of Trainers in Odisha (In Reply to Unstarred Question on 06-12-2023),Rajya Sabha,1,https://www.data.gov.in/resource/district-wise-list-national-skill-training-institutes-and-institute-training-trainers
a486a48e-433d-4866-afc1-d6051fdaa30b,State/UT-wise Number of Enrolment under National Skill Training Institutes (NSTIs) Offering AI Programming Assistant Craftsmen Training Scheme (CTS) Course during 2024 and 2025,Rajya Sabha,0,https://www.data.gov.in/resource/stateut-wise-number-enrolment-under-national-skill-training-institutes-nstis-offering-ai
097eadc3-dbd8-41b1-89aa-788099b7ba70,State/UTs-wise Details of the Number of Women Trained  across NSTIs (National Skill Training Institutes) and Extension Centres under Craft Instructor Training Scheme (CITS) and Craftsmen Training Scheme (CTS) from 2019-20 to 2021-22,Rajya Sabha,1,https://www.data.gov.in/resource/stateuts-wise-details-number-women-trained-across-nstis-national-skill-training-institutes
cd8de871-861f-4f86-924f-6a8920c9f714,"State/UTs-wise National Skill Training Institutes (NSTIs) Functioning across the Country along with the Number of Trainees Enrolled under Craftsmen Training Scheme (in reply to Unstarred Question on 6 April, 2022)",Rajya Sabha,1,https://www.data.gov.in/resource/stateuts-wise-national-skill-training-institutes-nstis-functioning-across-country-along
b43b7927-5414-4734-a39c-b854fd6f038d,State-wise National Skill Training Institutes (NSTIs) Running Exclusively for Women and Number of Women Trained in those Centres from 2019-20 to 2021-22,Rajya Sabha,1,https://www.data.gov.in/resource/state-wise-national-skill-training-institutes-nstis-running-exclusively-women-and-number
319942be-0a78-442f-8e16-1cfae2f434f8,"State-wise National Skill Training Institute (NSTI) and Institute of Training of Trainers (IToTs) (in reply to Unstarred Question on 22 December, 2021)",Rajya Sabha,1,https://www.data.gov.in/resource/state-wise-national-skill-training-institute-nsti-and-institute-training-trainers-itots
abfcad50-5f0a-49c2-bad7-7c92c1b1d26b,District-wise Number of Candidates Enrolled Under Craftsmen Training Scheme (CTS) in Chhattisgarh from 2020 to 2022,Rajya Sabha,1,https://www.data.gov.in/resource/district-wise-number-candidates-enrolled-under-craftsmen-training-scheme-cts-chhattisgarh
0d2ad257-b41f-4374-992d-7b32b04e7950,Trade-wise Details of Candidates Enrolled in New-age Courses under Craftsman Training Scheme (CTS) from 2022-23 to 2024-25,Rajya Sabha,1,https://www.data.gov.in/resource/trade-wise-details-candidates-enrolled-new-age-courses-under-craftsman-training-scheme-cts
2c44bc22-a604-458d-a16c-adccf5c54c4e,Details of the trainees trained under Craftsmen Training Scheme during the period 2014 to 2018 (From: Ministry of Skill Development and Entrepreneurship),Rajya Sabha,1,https://www.data.gov.in/resource/details-trainees-trained-under-craftsmen-training-scheme-during-period-2014-2018-ministry
e8430e11-a667-42e5-b621-ab902371578a,State-wise Number of Courses Offered in National Skill Training Institute (NSTI) (in reply to Unstarred Question as on 25th March 2026),Rajya Sabha,0,https://www.data.gov.in/resource/state-wise-number-courses-offered-national-skill-training-institute-nsti-reply-unstarred
9583a7be-5285-41c1-a2fa-51bb817fbd7c,Category-wise Details of New Age/Future Skill Courses under Craftsmen Training Scheme (CTS) (in reply to Unstarred Question as on 2nd April 2025),Rajya Sabha,1,https://www.data.gov.in/resource/category-wise-details-new-agefuture-skill-courses-under-craftsmen-training-scheme-cts
f0d8598a-acc2-4e36-8b70-fe2133bbb379,"Scheme-wise Candidates Trained PMKVY, JSS, National Apprenticeship Promotion Scheme (NAPS) and Craftsmen Training Scheme (CTS) (in reply to Unstarred Question on 22 December, 2021)",Rajya Sabha,1,https://www.data.gov.in/resource/scheme-wise-candidates-trained-pmkvy-jss-national-apprenticeship-promotion-scheme-naps-and
2938f66d-7906-4b35-a064-34e60d2bc3f4,List of engineering and non- engineering trades under craftsmen training scheme (in semester pattern) (in reply to unstarred question on 01-12-2016)(From:Ministry of Skill Development & Entrepreneurship),Rajya Sabha,1,https://www.data.gov.in/resource/list-engineering-and-non-engineering-trades-under-craftsmen-training-scheme-semester
285f3a9f-d59a-43e4-b12e-8f75a109563e,"Scheme-wise Share of Female Candidates in Total Candidate Trained under PMKVY, JSS, National Apprenticeship Promotion Scheme (NAPS) and Craftsmen Training Scheme (CTS) from 2019-20 to 2021-22",Rajya Sabha,1,https://www.data.gov.in/resource/scheme-wise-share-female-candidates-total-candidate-trained-under-pmkvy-jss-national
2e1904af-7881-4798-ab2f-09a5bd55ca66,"Scheme-wise Number of Persons Enrolled, Trained and Certified under Pradhan Mantri Kaushal Vikas Yojana (PMKVY), Jan Sikhshan Sansthan (JSS) and Craftsman Training Scheme (CTS) from 2015-16 to 2024-25",Rajya Sabha,1,https://www.data.gov.in/resource/scheme-wise-number-persons-enrolled-trained-and-certified-under-pradhan-mantri-kaushal
2c17cd81-64a1-495e-a832-7f0b40f27115,"Scheme-wise Candidate Trained for Pradhan Mantri Kaushal Vikas Yojana (PMKVY), Jan Shikshan Sansthan (JSS), National Apprenticeship Promotion Scheme (NAPS) and Craftsmen Training Scheme (CTS) (in reply to Unstarred Question on 17 March, 2022)",Rajya Sabha,1,https://www.data.gov.in/resource/scheme-wise-candidate-trained-pradhan-mantri-kaushal-vikas-yojana-pmkvy-jan-shikshan
6955915c-1bd7-4a42-a5d0-36249688f6d9,"District-wise Number of Candidates Trained / Enrolled under Pradhan Mantri Kaushal Vikas Yojana (PMKVY), Craftsman Training Scheme (CTS) and Jan Shikshan Sansthan (JSS) in the State of Andhra Pradesh (in reply to Unstarred Question on 3 August, 2022)",Rajya Sabha,1,https://www.data.gov.in/resource/district-wise-number-candidates-trained-enrolled-under-pradhan-mantri-kaushal-vikas-yojana
d9bb8142-d17c-45ef-94a8-5d85b9e37b46,Institute-wise Total Number of Women Trained in NSTIs from 2019-20 to 2020-21,Rajya Sabha,1,https://www.data.gov.in/resource/institute-wise-total-number-women-trained-nstis-2019-20-2020-21
