resource_id,metric,breakdown,period,reported_total,sum_of_states,n_states,diff,diff_pct
4de52cc2-0bf6-4072-8dcc-ae60d4d0fc5c,enrolled,total,2015-16,1102121,1102121,36,0,0.0
4de52cc2-0bf6-4072-8dcc-ae60d4d0fc5c,enrolled,total,2016-17,1195487,1195487,36,0,0.0
4de52cc2-0bf6-4072-8dcc-ae60d4d0fc5c,enrolled,total,2017-18,1212680,1212680,36,0,0.0
d5a26bc1-6a98-4147-afd2-10e545e43af9,enrolled,total,2016-17,1199201,1199201,37,0,0.0
d5a26bc1-6a98-4147-afd2-10e545e43af9,enrolled,total,2017-18,1215731,1215731,37,0,0.0
d5a26bc1-6a98-4147-afd2-10e545e43af9,enrolled,total,2018-19,1449043,1449043,37,0,0.0
d5a26bc1-6a98-4147-afd2-10e545e43af9,enrolled,total,2019-20,1358177,1358177,37,0,0.0
d5a26bc1-6a98-4147-afd2-10e545e43af9,enrolled,total,2020-21,1217344,1217344,37,0,0.0
a342ecbe-1bf7-41ee-bdd5-54a7d0c50e74,enrolled,total,2017-18,1217648,1217648,36,0,0.0
a342ecbe-1bf7-41ee-bdd5-54a7d0c50e74,enrolled,total,2018-19,1455430,1455430,36,0,0.0
a342ecbe-1bf7-41ee-bdd5-54a7d0c50e74,enrolled,total,2019-20,1424239,1424239,36,0,0.0
7ca95fc4-e255-4d18-b121-d288c0da6920,enrolled,total,2018-19,1455430,1455430,36,0,0.0
7ca95fc4-e255-4d18-b121-d288c0da6920,enrolled,total,2019-20,1424239,1424239,36,0,0.0
7ca95fc4-e255-4d18-b121-d288c0da6920,enrolled,total,2020-21,1335679,1335679,36,0,0.0
36b9567e-6c21-405c-847f-fe1c876195c9,enrolled,total,2017-18,1217648,1217648,36,0,0.0
36b9567e-6c21-405c-847f-fe1c876195c9,enrolled,total,2018-19,1455430,1455430,36,0,0.0
36b9567e-6c21-405c-847f-fe1c876195c9,enrolled,total,2019-20,1424239,1424239,36,0,0.0
c123ed4d-63db-4313-bc3f-2ecaa76413af,enrolled,total,2019-20,1359489,1359489,36,0,0.0
c123ed4d-63db-4313-bc3f-2ecaa76413af,enrolled,total,2020-21,1219446,1219446,36,0,0.0
c123ed4d-63db-4313-bc3f-2ecaa76413af,enrolled,total,2021-22,1225851,1225851,36,0,0.0
c123ed4d-63db-4313-bc3f-2ecaa76413af,enrolled,total,2022-23,1250641,1250641,36,0,0.0
cfc747c8-dbb4-455f-81cf-bdcc244a592b,enrolled,total,2019-20,1359489,1359489,36,0,0.0
cfc747c8-dbb4-455f-81cf-bdcc244a592b,enrolled,total,2020-21,1219446,1219446,36,0,0.0
cfc747c8-dbb4-455f-81cf-bdcc244a592b,enrolled,total,2021-22,1225851,1225851,36,0,0.0
cfc747c8-dbb4-455f-81cf-bdcc244a592b,enrolled,total,2022-23,1250679,1250679,36,0,0.0
cfc747c8-dbb4-455f-81cf-bdcc244a592b,enrolled,total,2023-24,1446247,1446247,36,0,0.0
68e53cc1-7c22-41d4-ba71-9d84ba70e607,enrolled,total,2019-20,1357954,1357954,36,0,0.0
68e53cc1-7c22-41d4-ba71-9d84ba70e607,enrolled,total,2020-21,1218036,1218036,36,0,0.0
68e53cc1-7c22-41d4-ba71-9d84ba70e607,enrolled,total,2021-22,1221826,1221826,36,0,0.0
ba097f68-3882-4c3f-bb75-1b1973285b8b,enrolled,total,2018-19,1455412,1455412,37,0,0.0
ba097f68-3882-4c3f-bb75-1b1973285b8b,enrolled,total,2019-20,1359245,1359245,37,0,0.0
ba097f68-3882-4c3f-bb75-1b1973285b8b,enrolled,total,2020-21,1219283,1219283,37,0,0.0
ba097f68-3882-4c3f-bb75-1b1973285b8b,enrolled,total,2021-22,1225803,1225803,37,0,0.0
ba097f68-3882-4c3f-bb75-1b1973285b8b,enrolled_partial,total,2022-23,152322,152322,37,0,0.0
799ec786-a14e-413f-a39b-ee27b1569679,enrolled,total,2014-15,951168,951168,36,0,0.0
799ec786-a14e-413f-a39b-ee27b1569679,certified,total,2014-15,690455,690455,36,0,0.0
799ec786-a14e-413f-a39b-ee27b1569679,enrolled,total,2015-16,1102290,1102290,36,0,0.0
799ec786-a14e-413f-a39b-ee27b1569679,certified,total,2015-16,623725,623725,36,0,0.0
799ec786-a14e-413f-a39b-ee27b1569679,enrolled,total,2016-17,1200922,1200922,36,0,0.0
799ec786-a14e-413f-a39b-ee27b1569679,certified,total,2016-17,149998,149998,36,0,0.0
0fec4669-0e92-473a-835f-f6616ce23c3f,enrolled,obc,2018-19,653910,653910,37,0,0.0
0fec4669-0e92-473a-835f-f6616ce23c3f,enrolled,sc,2018-19,321355,321355,37,0,0.0
0fec4669-0e92-473a-835f-f6616ce23c3f,enrolled,st,2018-19,109630,109630,37,0,0.0
0fec4669-0e92-473a-835f-f6616ce23c3f,enrolled,gen,2018-19,340603,340603,37,0,0.0
0fec4669-0e92-473a-835f-f6616ce23c3f,enrolled,divyang,2018-19,0,0,37,0,
0fec4669-0e92-473a-835f-f6616ce23c3f,enrolled,obc,2019-20,643139,643139,37,0,0.0
0fec4669-0e92-473a-835f-f6616ce23c3f,enrolled,sc,2019-20,301755,301755,37,0,0.0
0fec4669-0e92-473a-835f-f6616ce23c3f,enrolled,st,2019-20,106044,106044,37,0,0.0
0fec4669-0e92-473a-835f-f6616ce23c3f,enrolled,gen,2019-20,225827,225827,37,0,0.0
0fec4669-0e92-473a-835f-f6616ce23c3f,enrolled,divyang,2019-20,4341,4341,37,0,0.0
0fec4669-0e92-473a-835f-f6616ce23c3f,enrolled,obc,2020-21,552609,552609,37,0,0.0
0fec4669-0e92-473a-835f-f6616ce23c3f,enrolled,sc,2020-21,271304,271304,37,0,0.0
0fec4669-0e92-473a-835f-f6616ce23c3f,enrolled,st,2020-21,101892,101892,37,0,0.0
0fec4669-0e92-473a-835f-f6616ce23c3f,enrolled,gen,2020-21,289325,289325,37,0,0.0
0fec4669-0e92-473a-835f-f6616ce23c3f,enrolled,divyang,2020-21,4796,4796,37,0,0.0
89bce479-067c-48ee-966a-ac6f551995bc,seats,total,2020-21,2360575,2360575,36,0,0.0
89bce479-067c-48ee-966a-ac6f551995bc,enrolled,total,2020-21,1335679,1335679,36,0,0.0
89bce479-067c-48ee-966a-ac6f551995bc,vacant_seats,total,2020-21,1024896,1024896,36,0,0.0
7cc46a5e-4210-4160-a64f-acbfcc789be0,enrolled,total,2021-22,1225851,1225851,36,0,0.0
7cc46a5e-4210-4160-a64f-acbfcc789be0,enrolled,total,2022-23,1250679,1250679,36,0,0.0
7cc46a5e-4210-4160-a64f-acbfcc789be0,enrolled,total,2023-24,1446247,1446247,36,0,0.0
62036996-b17e-4e54-b5c8-007738ccc4b7,enrolled,male,2019-20,1192545,1192545,38,0,0.0
62036996-b17e-4e54-b5c8-007738ccc4b7,enrolled,female,2019-20,166693,166693,38,0,0.0
62036996-b17e-4e54-b5c8-007738ccc4b7,enrolled,male,2020-21,1057017,1057017,38,0,0.0
62036996-b17e-4e54-b5c8-007738ccc4b7,enrolled,female,2020-21,162254,162254,38,0,0.0
62036996-b17e-4e54-b5c8-007738ccc4b7,enrolled,male,2021-22,1057634,1057634,38,0,0.0
62036996-b17e-4e54-b5c8-007738ccc4b7,enrolled,female,2021-22,168164,168164,38,0,0.0
c23ae710-1458-4c0f-a3ed-4ef3286f8777,trained,total,2014-15,644410,644410,36,0,0.0
c23ae710-1458-4c0f-a3ed-4ef3286f8777,trained,total,2015-16,1077932,1077932,36,0,0.0
c23ae710-1458-4c0f-a3ed-4ef3286f8777,trained,total,2016-17,1004073,1004073,36,0,0.0
c23ae710-1458-4c0f-a3ed-4ef3286f8777,trained,total,2017-18,984230,984230,36,0,0.0
c23ae710-1458-4c0f-a3ed-4ef3286f8777,in_training,total,2018-19,2312417,2312417,36,0,0.0
1ac18fe2-1537-438e-82e4-7e9338e08a07,trained,total,2014-15,644410,644410,36,0,0.0
1ac18fe2-1537-438e-82e4-7e9338e08a07,trained,total,2015-16,1077932,1077932,36,0,0.0
1ac18fe2-1537-438e-82e4-7e9338e08a07,trained,total,2016-17,1004073,1004073,36,0,0.0
1ac18fe2-1537-438e-82e4-7e9338e08a07,trained,total,2017-18,984230,984230,36,0,0.0
1ac18fe2-1537-438e-82e4-7e9338e08a07,in_training,total,2018-19,2312417,2312417,36,0,0.0
dd020189-3d18-40f4-86a3-51a014d8d8ac,trained,total,2014-15,644410,644410,36,0,0.0
dd020189-3d18-40f4-86a3-51a014d8d8ac,trained,total,2015-16,1077932,1077932,36,0,0.0
dd020189-3d18-40f4-86a3-51a014d8d8ac,trained,total,2016-17,1004073,1004073,36,0,0.0
dd020189-3d18-40f4-86a3-51a014d8d8ac,trained,total,2017-18,984230,984230,36,0,0.0
dd020189-3d18-40f4-86a3-51a014d8d8ac,in_training,total,2018-19,2312417,2312417,36,0,0.0
51c8e446-0677-4dd4-97bd-64c009cb4794,trained_in_women_itis,female,2019-20,27330,27330,36,0,0.0
51c8e446-0677-4dd4-97bd-64c009cb4794,trained_in_women_itis,female,2020-21,26434,26434,36,0,0.0
51c8e446-0677-4dd4-97bd-64c009cb4794,trained_in_women_itis,female,2021-22,27998,27998,36,0,0.0
1b355466-49c3-472f-a89e-b2820f409cc4,itis,govt,2015-06-23,2285,2285,35,0,0.0
1b355466-49c3-472f-a89e-b2820f409cc4,itis,pvt,2015-06-23,9821,9821,35,0,0.0
1b355466-49c3-472f-a89e-b2820f409cc4,itis,total,2015-06-23,12106,12106,35,0,0.0
1b355466-49c3-472f-a89e-b2820f409cc4,seats,govt,2015-06-23,499586,499586,35,0,0.0
1b355466-49c3-472f-a89e-b2820f409cc4,seats,pvt,2015-06-23,1211522,1211522,35,0,0.0
1b355466-49c3-472f-a89e-b2820f409cc4,seats,total,2015-06-23,1711108,1711108,35,0,0.0
2e56e75f-eb35-4284-ab27-014c2ce45195,itis,govt,2016-04-30,2293,2293,36,0,0.0
2e56e75f-eb35-4284-ab27-014c2ce45195,itis,pvt,2016-04-30,10812,10812,36,0,0.0
2e56e75f-eb35-4284-ab27-014c2ce45195,itis,total,2016-04-30,13105,13105,36,0,0.0
2e56e75f-eb35-4284-ab27-014c2ce45195,seats,govt,2016-04-30,505618,505618,36,0,0.0
2e56e75f-eb35-4284-ab27-014c2ce45195,seats,pvt,2016-04-30,1360002,1360002,36,0,0.0
2e56e75f-eb35-4284-ab27-014c2ce45195,seats,total,2016-04-30,1865620,1865620,36,0,0.0
04dab8e6-592d-44b0-887f-9950cbce4e23,itis,govt,2016-07-28,2293,2293,36,0,0.0
04dab8e6-592d-44b0-887f-9950cbce4e23,itis,pvt,2016-07-28,10812,10812,36,0,0.0
04dab8e6-592d-44b0-887f-9950cbce4e23,itis,total,2016-07-28,13105,13105,36,0,0.0
04dab8e6-592d-44b0-887f-9950cbce4e23,seats,govt,2016-07-28,505618,505618,36,0,0.0
04dab8e6-592d-44b0-887f-9950cbce4e23,seats,pvt,2016-07-28,1360002,1360002,36,0,0.0
04dab8e6-592d-44b0-887f-9950cbce4e23,seats,total,2016-07-28,1865620,1865620,36,0,0.0
7a16313d-c4aa-4d58-aa8d-8b20d95f2dcc,itis,total,2016-12-01,13328,13328,36,0,0.0
c72013bf-6edb-4ff6-8f5d-28eb423e12e4,itis,total,2017-02-09,13351,13351,36,0,0.0
c72013bf-6edb-4ff6-8f5d-28eb423e12e4,seats,total,2017-02-09,2850734,2850734,36,0,0.0
0a348746-d4a8-4f27-8dd8-b10cea46c3d2,itis_admitting,total,2017-03-09,13353,13353,36,0,0.0
0a348746-d4a8-4f27-8dd8-b10cea46c3d2,seats,total,2017-03-09,2852556,2852556,36,0,0.0
354dfda5-50a2-43e5-bad5-5132b6f6ea47,itis,total,2017-03-23,13353,13353,36,0,0.0
354dfda5-50a2-43e5-bad5-5132b6f6ea47,seats,total,2017-03-23,2852577,2852577,36,0,0.0
354dfda5-50a2-43e5-bad5-5132b6f6ea47,instructors_required,total,2017-03-23,142628,142628,36,0,0.0
f96fb075-36e3-4f6c-a0cf-ab9e9cab1ef5,itis,total,2017-08-03,13353,13353,36,0,0.0
f96fb075-36e3-4f6c-a0cf-ab9e9cab1ef5,itis,govt,2017-08-03,2152,2152,36,0,0.0
f96fb075-36e3-4f6c-a0cf-ab9e9cab1ef5,itis,pvt,2017-08-03,11201,11201,36,0,0.0
36d04fdc-b804-4a74-858c-ef77f176f516,seats,total,2014-08-01,1694228,1694228,36,0,0.0
36d04fdc-b804-4a74-858c-ef77f176f516,seats,total,2016-08-01,2194391,2194388,36,3,0.0
63d81eb9-28f3-49b8-937f-460388ed3194,itis,total,2018-12-28,15044,15044,36,0,0.0
f6e88ccd-ea62-4288-9c04-6ee538e965f6,itis,total,2021-01-01,14779,14779,36,0,0.0
117f6967-4b9e-40ce-ae40-d5b8877d1f2f,itis,total,2021-02-12,14779,14779,35,0,0.0
597f89f5-350e-40b0-a895-4bf7b00f0944,itis,govt,2021-07-13,3175,3175,38,0,0.0
597f89f5-350e-40b0-a895-4bf7b00f0944,itis,pvt,2021-07-13,11429,11429,38,0,0.0
597f89f5-350e-40b0-a895-4bf7b00f0944,itis,total,2021-07-13,14604,14604,38,0,0.0
0955ba2f-3be6-4cf0-a608-434409fd6f21,itis,govt,2021-12-15,3178,3178,36,0,0.0
0955ba2f-3be6-4cf0-a608-434409fd6f21,itis,pvt,2021-12-15,11533,11533,36,0,0.0
0955ba2f-3be6-4cf0-a608-434409fd6f21,itis,total,2021-12-15,14711,14711,36,0,0.0
288d7261-4c8c-4867-8041-abfe6c55e64a,itis,govt,2021-12-31,3178,3178,36,0,0.0
288d7261-4c8c-4867-8041-abfe6c55e64a,itis,pvt,2021-12-31,11533,11533,36,0,0.0
b81f053c-5668-4e13-92cc-7bebe85ceeb5,itis,total,2022-02-09,14711,14711,36,0,0.0
8da0d40b-6a9e-449e-b8cd-e803244ee418,itis,govt,2022-04-06,3179,3179,36,0,0.0
8da0d40b-6a9e-449e-b8cd-e803244ee418,itis,pvt,2022-04-06,11551,11551,36,0,0.0
8da0d40b-6a9e-449e-b8cd-e803244ee418,itis,total,2022-04-06,14730,14730,36,0,0.0
8310287f-fc77-45b5-bf09-6aca4c067ea2,itis,total,2022-06-30,14748,14748,36,0,0.0
4908bd73-3942-4498-b1d4-e132838d0793,itis,govt,2022-06-30,3180,3180,36,0,0.0
4908bd73-3942-4498-b1d4-e132838d0793,itis,pvt,2022-06-30,11568,11568,36,0,0.0
29b6c84e-4b08-4d61-a3e5-c6acce749ce9,itis,govt,2022-09-30,3246,3246,36,0,0.0
29b6c84e-4b08-4d61-a3e5-c6acce749ce9,itis,pvt,2022-09-30,11707,11707,36,0,0.0
29b6c84e-4b08-4d61-a3e5-c6acce749ce9,nstis,total,2022-09-30,31,31,36,0,0.0
2af9602e-db00-49db-ba25-a1823a13384c,itis,govt,2023-03-31,3253,3253,36,0,0.0
2af9602e-db00-49db-ba25-a1823a13384c,itis,pvt,2023-03-31,11685,11685,36,0,0.0
2c87a4b3-f9d5-4b23-bb09-927855bbe555,itis,govt,2023-12-31,3291,3291,36,0,0.0
2c87a4b3-f9d5-4b23-bb09-927855bbe555,itis,pvt,2023-12-31,11729,11729,36,0,0.0
943c6962-2001-45d1-9a24-5a1668eb9c89,itis,total,2024-06-30,15034,15034,36,0,0.0
943c6962-2001-45d1-9a24-5a1668eb9c89,itis,women_only,2024-06-30,319,319,36,0,0.0
943c6962-2001-45d1-9a24-5a1668eb9c89,nstis,women_only,2024-06-30,19,19,36,0,0.0
605183f9-4387-4735-a6ec-ebd7f4298c49,itis,total,2024-10-31,15012,15012,36,0,0.0
810a4879-18f0-451a-a060-a68e93d41a70,itis_new,govt,2014-15,9,9,36,0,0.0
810a4879-18f0-451a-a060-a68e93d41a70,itis_new,pvt,2014-15,1213,1213,36,0,0.0
810a4879-18f0-451a-a060-a68e93d41a70,itis_new,total,2014-15,1222,1222,36,0,0.0
810a4879-18f0-451a-a060-a68e93d41a70,itis_new,govt,2015-16,78,78,36,0,0.0
810a4879-18f0-451a-a060-a68e93d41a70,itis_new,pvt,2015-16,1335,1335,36,0,0.0
810a4879-18f0-451a-a060-a68e93d41a70,itis_new,total,2015-16,1413,1413,36,0,0.0
810a4879-18f0-451a-a060-a68e93d41a70,itis_new,govt,2016-17,109,109,36,0,0.0
810a4879-18f0-451a-a060-a68e93d41a70,itis_new,pvt,2016-17,878,878,36,0,0.0
810a4879-18f0-451a-a060-a68e93d41a70,itis_new,total,2016-17,987,987,36,0,0.0
9b00bdb5-e106-4f86-94e6-6e0629d43aa2,itis_new_govt_opened,total,2018-19,1411,1411,36,0,0.0
9b00bdb5-e106-4f86-94e6-6e0629d43aa2,itis_new_govt_opened,total,2019-20,472,472,36,0,0.0
9b00bdb5-e106-4f86-94e6-6e0629d43aa2,itis_new_govt_opened,total,2020-21,146,146,36,0,0.0
f65d0a51-905e-4f19-b95a-81a2a9384fca,itis_new_affiliated,total,2020-21..2021-22,158,158,12,0,0.0
6a772839-2804-4247-b097-b97f55f47d13,itis_new,govt,3 yrs to 2022-02,942,942,36,0,0.0
6a772839-2804-4247-b097-b97f55f47d13,itis_new,pvt,3 yrs to 2022-02,1115,1115,36,0,0.0
0d076054-30c2-49d1-99f1-1262d9dd544c,itis_third_shift,total,2017-18,4843,4843,19,0,0.0
0d076054-30c2-49d1-99f1-1262d9dd544c,itis_third_shift,total,2018-19,5272,5272,19,0,0.0
0d076054-30c2-49d1-99f1-1262d9dd544c,itis_third_shift,total,2019-20,5597,5597,21,0,0.0
321a9674-4bc2-45cf-a84e-a7ac313db3ed,trained_cumulative,total,2015..2018,3520782,3520782,36,0,0.0
87289d07-80fa-4a51-a7a0-433b87cd0c36,trained_cumulative,total,to 2022-10-30,9884376,9884376,36,0,0.0
a9346fe0-d3da-4802-8bf9-5e042a431f01,trained_cumulative,total,2018-19..2023-24,7951834,7951834,36,0,0.0
c482cf64-7add-45d0-89b9-0b10b859adf5,trained_cumulative,female,2014..2018,623510,623510,36,0,0.0
b38ea205-d4f2-4410-83c2-9a868e545037,enrolled_cumulative,total,2017-18..2021-22,6216703,6216703,36,0,0.0
1b29067a-f08a-41fe-88dc-b5aa5d7cb68b,trained_strive,total,2022..2024,29014,29014,20,0,0.0
